fips,id,county,state
1001,0,Autauga,AL
1003,1842,Baldwin,AL
1005,1931,Barbour,AL
1007,675,Bibb,AL
1009,1,Blount,AL
1011,676,Bullock,AL
1013,1932,Butler,AL
1015,677,Calhoun,AL
1017,2,Chambers,AL
1019,1933,Cherokee,AL
1021,3,Chilton,AL
1023,648,Choctaw,AL
1025,649,Clarke,AL
1027,1843,Clay,AL
1029,650,Cleburne,AL
1031,651,Coffee,AL
1033,4,Colbert,AL
1035,2028,Conecuh,AL
1037,652,Coosa,AL
1039,2029,Covington,AL
1041,1844,Crenshaw,AL
1043,3012,Cullman,AL
1045,5,Dale,AL
1047,653,Dallas,AL
1049,2030,DeKalb,AL
1051,6,Elmore,AL
1053,2031,Escambia,AL
1055,654,Etowah,AL
1057,1845,Fayette,AL
1059,655,Franklin,AL
1061,656,Geneva,AL
1063,2032,Greene,AL
1065,7,Hale,AL
1067,657,Henry,AL
1069,2033,Houston,AL
1071,658,Jackson,AL
1073,1846,Jefferson,AL
1075,2034,Lamar,AL
1077,2035,Lauderdale,AL
1079,8,Lawrence,AL
1081,659,Lee,AL
1083,9,Limestone,AL
1085,660,Lowndes,AL
1087,661,Macon,AL
1089,662,Madison,AL
1091,1847,Marengo,AL
1093,667,Marion,AL
1095,668,Marshall,AL
1097,669,Mobile,AL
1099,10,Monroe,AL
1101,670,Montgomery,AL
1103,1848,Morgan,AL
1105,2177,Perry,AL
1107,11,Pickens,AL
1109,3013,Pike,AL
1111,2178,Randolph,AL
1113,2179,Russell,AL
1115,1849,St. Clair,AL
1117,671,Shelby,AL
1119,672,Sumter,AL
1121,12,Talladega,AL
1123,2180,Tallapoosa,AL
1125,673,Tuscaloosa,AL
1127,2342,Walker,AL
1129,1850,Washington,AL
1131,674,Wilcox,AL
1133,2343,Winston,AL
2013,3128,Aleutians East,AK
2016,3134,Aleutians West,AK
2020,3126,Anchorage,AK
2050,3109,Bethel,AK
2060,3135,Bristol Bay,AK
2068,3127,Denali,AK
2070,3119,Dillingham,AK
2090,3131,Fairbanks North Star,AK
2100,3132,Haines,AK
2105,3110,Hoonah-Angoon,AK
2110,3120,Juneau,AK
2122,3111,Kenai Peninsula,AK
2130,3121,Ketchikan Gateway,AK
2150,3112,Kodiak Island,AK
2164,3113,Lake and Peninsula,AK
2170,3133,Matanuska-Susitna,AK
2180,3114,Nome,AK
2185,3122,North Slope,AK
2188,3115,Northwest Arctic,AK
2195,3123,Petersburg,AK
2198,3116,Prince of Wales-Hyder,AK
2220,3124,Sitka,AK
2230,3125,Skagway,AK
2240,3130,Southeast Fairbanks,AK
2261,3117,Valdez-Cordova,AK
2270,3118,Wade Hampton,AK
2275,3129,Wrangell,AK
2282,3137,Yakutat,AK
2290,3136,Yukon-Koyukuk,AK
4001,2039,Apache,AZ
4003,65,Cochise,AZ
4005,821,Coconino,AZ
4007,2040,Gila,AZ
4009,822,Graham,AZ
4011,823,Greenlee,AZ
4012,824,La Paz,AZ
4013,66,Maricopa,AZ
4015,2493,Mohave,AZ
4017,825,Navajo,AZ
4019,2041,Pima,AZ
4021,826,Pinal,AZ
4023,827,Santa Cruz,AZ
4025,2876,Yavapai,AZ
4027,828,Yuma,AZ
5001,67,Arkansas,AR
5003,829,Ashley,AR
5005,2877,Baxter,AR
5007,2878,Benton,AR
5009,68,Boone,AR
5011,2042,Bradley,AR
5013,830,Calhoun,AR
5015,790,Carroll,AR
5017,791,Chicot,AR
5019,69,Clark,AR
5021,2486,Clay,AR
5023,2043,Cleburne,AR
5025,792,Cleveland,AR
5027,793,Columbia,AR
5029,70,Conway,AR
5031,2868,Craighead,AR
5033,794,Crawford,AR
5035,2869,Crittenden,AR
5037,2044,Cross,AR
5039,2045,Dallas,AR
5041,2870,Desha,AR
5043,71,Drew,AR
5045,795,Faulkner,AR
5047,796,Franklin,AR
5049,3015,Fulton,AR
5051,72,Garland,AR
5053,797,Grant,AR
5055,2046,Greene,AR
5057,2871,Hempstead,AR
5059,798,Hot Spring,AR
5061,73,Howard,AR
5063,2872,Independence,AR
5065,2047,Izard,AR
5067,799,Jackson,AR
5069,2873,Jefferson,AR
5071,74,Johnson,AR
5073,800,Lafayette,AR
5075,2874,Lawrence,AR
5077,2875,Lee,AR
5079,2048,Lincoln,AR
5081,801,Little River,AR
5083,802,Logan,AR
5085,75,Lonoke,AR
5087,803,Madison,AR
5089,809,Marion,AR
5091,810,Miller,AR
5093,811,Mississippi,AR
5095,2130,Monroe,AR
5097,76,Montgomery,AR
5099,812,Nevada,AR
5101,77,Newton,AR
5103,813,Ouachita,AR
5105,2896,Perry,AR
5107,2897,Phillips,AR
5109,2081,Pike,AR
5111,78,Poinsett,AR
5113,814,Polk,AR
5115,815,Pope,AR
5117,2082,Prairie,AR
5119,2898,Pulaski,AR
5121,816,Randolph,AR
5123,79,St. Francis,AR
5125,2463,Saline,AR
5127,3016,Scott,AR
5129,80,Searcy,AR
5131,2464,Sebastian,AR
5133,817,Sevier,AR
5135,2083,Sharp,AR
5137,818,Stone,AR
5139,2465,Union,AR
5141,13,Van Buren,AR
5143,663,Washington,AR
5145,14,White,AR
5147,664,Woodruff,AR
5149,1890,Yell,AR
6001,2176,Alameda,CA
6003,665,Alpine,CA
6005,15,Amador,CA
6007,666,Butte,CA
6009,705,Calaveras,CA
6011,1891,Colusa,CA
6013,706,Contra Costa,CA
6015,707,Del Norte,CA
6017,2241,El Dorado,CA
6019,1977,Fresno,CA
6021,16,Glenn,CA
6023,1978,Humboldt,CA
6025,710,Imperial,CA
6027,1892,Inyo,CA
6029,711,Kern,CA
6031,712,Kings,CA
6033,17,Lake,CA
6035,1979,Lassen,CA
6037,1980,Los Angeles,CA
6039,713,Madera,CA
6041,1934,Marin,CA
6043,18,Mariposa,CA
6045,678,Mendocino,CA
6047,1893,Merced,CA
6049,679,Modoc,CA
6051,680,Mono,CA
6053,1935,Monterey,CA
6055,19,Napa,CA
6057,681,Nevada,CA
6059,682,Orange,CA
6061,1936,Placer,CA
6063,1894,Plumas,CA
6065,683,Riverside,CA
6067,2077,Sacramento,CA
6069,684,San Benito,CA
6071,2078,San Bernardino,CA
6073,685,San Diego,CA
6075,686,San Francisco,CA
6077,1895,San Joaquin,CA
6079,2237,San Luis Obispo,CA
6081,698,San Mateo,CA
6083,699,Santa Barbara,CA
6085,3029,Santa Clara,CA
6087,700,Santa Cruz,CA
6089,20,Shasta,CA
6091,1896,Sierra,CA
6093,2238,Siskiyou,CA
6095,701,Solano,CA
6097,2239,Sonoma,CA
6099,21,Stanislaus,CA
6101,702,Sutter,CA
6103,703,Tehama,CA
6105,2240,Trinity,CA
6107,1897,Tulare,CA
6109,704,Tuolumne,CA
6111,2079,Ventura,CA
6113,687,Yolo,CA
6115,22,Yuba,CA
8001,688,Adams,CO
8003,23,Alamosa,CO
8005,2080,Arapahoe,CO
8007,689,Archuleta,CO
8009,690,Baca,CO
8011,1898,Bent,CO
8013,24,Boulder,CO
8014,25,Broomfield,CO
8015,691,Chaffee,CO
8017,692,Cheyenne,CO
8019,1899,Clear Creek,CO
8021,693,Conejos,CO
8023,694,Costilla,CO
8025,26,Crowley,CO
8027,1900,Custer,CO
8029,695,Delta,CO
8031,27,Denver,CO
8033,2234,Dolores,CO
8035,28,Douglas,CO
8037,696,Eagle,CO
8039,2235,Elbert,CO
8041,1937,El Paso,CO
8043,697,Fremont,CO
8045,2236,Garfield,CO
8047,29,Gilpin,CO
8049,1938,Grand,CO
8051,1984,Gunnison,CO
8053,48,Hinsdale,CO
8055,1985,Huerfano,CO
8057,49,Jackson,CO
8059,50,Jefferson,CO
8061,727,Kiowa,CO
8063,728,Kit Carson,CO
8065,1986,Lake,CO
8067,2128,La Plata,CO
8069,729,Larimer,CO
8071,2129,Las Animas,CO
8073,51,Lincoln,CO
8075,777,Logan,CO
8077,778,Mesa,CO
8079,1987,Mineral,CO
8081,779,Moffat,CO
8083,52,Montezuma,CO
8085,764,Montrose,CO
8087,780,Morgan,CO
8089,1988,Otero,CO
8091,781,Ouray,CO
8093,2458,Park,CO
8095,53,Phillips,CO
8097,782,Pitkin,CO
8099,2459,Prowers,CO
8101,1989,Pueblo,CO
8103,783,Rio Blanco,CO
8105,54,Rio Grande,CO
8107,2460,Routt,CO
8109,784,Saguache,CO
8111,55,San Juan,CO
8113,2461,San Miguel,CO
8115,2462,Sedgwick,CO
8117,1990,Summit,CO
8119,785,Teller,CO
8121,786,Washington,CO
8123,56,Weld,CO
8125,787,Yuma,CO
9001,2485,Fairfield,CT
9003,788,Hartford,CT
9005,1991,Litchfield,CT
9007,789,Middlesex,CT
9009,3014,New Haven,CT
9011,2863,New London,CT
9013,754,Tolland,CT
9015,57,Windham,CT
10001,2864,Kent,DE
10003,2865,New Castle,DE
10005,755,Sussex,DE
11001,756,District of Columbia,DC
12001,58,Alachua,FL
12003,757,Baker,FL
12005,758,Bay,FL
12007,1992,Bradford,FL
12009,2866,Brevard,FL
12011,759,Broward,FL
12013,59,Calhoun,FL
12015,760,Charlotte,FL
12017,765,Citrus,FL
12019,1993,Clay,FL
12021,2891,Collier,FL
12023,60,Columbia,FL
12027,1994,DeSoto,FL
12029,766,Dixie,FL
12031,767,Duval,FL
12033,2892,Escambia,FL
12035,1995,Flagler,FL
12037,2455,Franklin,FL
12039,61,Gadsden,FL
12041,768,Gilchrist,FL
12043,769,Glades,FL
12045,770,Gulf,FL
12047,2036,Hamilton,FL
12049,771,Hardee,FL
12051,772,Hendry,FL
12053,773,Hernando,FL
12055,62,Highlands,FL
12057,2456,Hillsborough,FL
12059,63,Holmes,FL
12061,774,Indian River,FL
12063,775,Jackson,FL
12065,2457,Jefferson,FL
12067,2037,Lafayette,FL
12069,776,Lake,FL
12071,761,Lee,FL
12073,64,Leon,FL
12075,2867,Levy,FL
12077,2038,Liberty,FL
12079,762,Madison,FL
12081,763,Manatee,FL
12083,30,Marion,FL
12085,1939,Martin,FL
12086,2290,Miami-Dade,FL
12087,31,Monroe,FL
12089,730,Nassau,FL
12091,731,Okaloosa,FL
12093,1940,Okeechobee,FL
12095,32,Orange,FL
12097,732,Osceola,FL
12099,733,Palm Beach,FL
12101,734,Pasco,FL
12103,2291,Pinellas,FL
12105,1941,Polk,FL
12107,735,Putnam,FL
12109,736,St. Johns,FL
12111,33,St. Lucie,FL
12113,737,Santa Rosa,FL
12115,738,Sarasota,FL
12117,739,Seminole,FL
12119,34,Sumter,FL
12121,1942,Suwannee,FL
12123,2292,Taylor,FL
12125,35,Union,FL
12127,740,Volusia,FL
12129,1882,Wakulla,FL
12131,741,Walton,FL
12133,1943,Washington,FL
13001,36,Appling,GA
13003,742,Atkinson,GA
13005,743,Bacon,GA
13007,1944,Baker,GA
13009,744,Baldwin,GA
13011,1883,Banks,GA
13013,37,Barrow,GA
13015,745,Bartow,GA
13017,3030,Ben Hill,GA
13019,1884,Berrien,GA
13021,1945,Bibb,GA
13023,746,Bleckley,GA
13025,747,Brantley,GA
13027,1885,Brooks,GA
13029,38,Bryan,GA
13031,748,Bulloch,GA
13033,1886,Burke,GA
13035,1946,Butts,GA
13037,749,Calhoun,GA
13039,1887,Camden,GA
13043,39,Candler,GA
13045,3036,Carroll,GA
13047,1947,Catoosa,GA
13049,750,Charlton,GA
13051,1888,Chatham,GA
13053,751,Chattahoochee,GA
13055,40,Chattooga,GA
13057,752,Cherokee,GA
13059,41,Clarke,GA
13061,1889,Clay,GA
13063,753,Clayton,GA
13065,1948,Clinch,GA
13067,714,Cobb,GA
13069,715,Coffee,GA
13071,42,Colquitt,GA
13073,716,Columbia,GA
13075,1949,Cook,GA
13077,717,Coweta,GA
13079,43,Crawford,GA
13081,718,Crisp,GA
13083,2122,Dade,GA
13085,1981,Dawson,GA
13087,719,Decatur,GA
13089,2123,DeKalb,GA
13091,44,Dodge,GA
13093,720,Dooly,GA
13095,721,Dougherty,GA
13097,2124,Douglas,GA
13099,1982,Early,GA
13101,722,Echols,GA
13103,723,Effingham,GA
13105,2125,Elbert,GA
13107,45,Emanuel,GA
13109,724,Evans,GA
13111,2126,Fannin,GA
13113,46,Fayette,GA
13115,725,Floyd,GA
13117,1983,Forsyth,GA
13119,726,Franklin,GA
13121,2127,Fulton,GA
13123,47,Gilmer,GA
13125,139,Glascock,GA
13127,2247,Glynn,GA
13129,140,Gordon,GA
13131,141,Grady,GA
13133,2248,Greene,GA
13135,2909,Gwinnett,GA
13137,896,Habersham,GA
13139,142,Hall,GA
13141,897,Hancock,GA
13143,2249,Haralson,GA
13145,2910,Harris,GA
13147,898,Hart,GA
13149,708,Heard,GA
13151,2911,Henry,GA
13153,2250,Houston,GA
13155,899,Irwin,GA
13157,143,Jackson,GA
13159,900,Jasper,GA
13161,2912,Jeff Davis,GA
13163,2251,Jefferson,GA
13165,901,Jenkins,GA
13167,2913,Johnson,GA
13169,144,Jones,GA
13171,902,Lamar,GA
13173,903,Lanier,GA
13175,145,Laurens,GA
13177,2914,Lee,GA
13179,2915,Liberty,GA
13181,943,Lincoln,GA
13183,2252,Long,GA
13185,1576,Lowndes,GA
13187,146,Lumpkin,GA
13189,1577,McDuffie,GA
13191,1260,McIntosh,GA
13193,2253,Macon,GA
13195,1578,Madison,GA
13197,147,Marion,GA
13199,1579,Meriwether,GA
13201,148,Miller,GA
13205,1580,Mitchell,GA
13207,2254,Monroe,GA
13209,1581,Montgomery,GA
13211,973,Morgan,GA
13213,1582,Murray,GA
13215,1010,Muscogee,GA
13217,149,Newton,GA
13219,2255,Oconee,GA
13221,1583,Oglethorpe,GA
13223,1372,Paulding,GA
13225,150,Peach,GA
13227,2256,Pickens,GA
13229,1584,Pierce,GA
13231,1585,Pike,GA
13233,151,Polk,GA
13235,1586,Pulaski,GA
13237,2257,Putnam,GA
13239,1011,Quitman,GA
13241,1587,Rabun,GA
13243,152,Randolph,GA
13245,3043,Richmond,GA
13247,1588,Rockdale,GA
13249,2258,Schley,GA
13251,3044,Screven,GA
13253,153,Seminole,GA
13255,1589,Spalding,GA
13257,1590,Stephens,GA
13259,2293,Stewart,GA
13261,3045,Sumter,GA
13263,3046,Talbot,GA
13265,154,Taliaferro,GA
13267,1591,Tattnall,GA
13269,1592,Taylor,GA
13271,2294,Telfair,GA
13273,3047,Terrell,GA
13275,1637,Thomas,GA
13277,155,Tift,GA
13279,1638,Toombs,GA
13281,1639,Towns,GA
13283,2295,Treutlen,GA
13285,156,Troup,GA
13287,2927,Turner,GA
13289,1640,Twiggs,GA
13291,2928,Union,GA
13293,157,Upson,GA
13295,1641,Walker,GA
13297,2296,Walton,GA
13299,2929,Ware,GA
13301,1642,Warren,GA
13303,158,Washington,GA
13305,2950,Wayne,GA
13307,2084,Webster,GA
13309,81,Wheeler,GA
13311,2085,White,GA
13313,82,Whitfield,GA
13315,2086,Wilcox,GA
13317,819,Wilkes,GA
13319,83,Wilkinson,GA
13321,820,Worth,GA
15001,3139,Hawaii,HI
15003,3142,Honolulu,HI
15005,3141,Kalawao,HI
15007,3140,Kauai,HI
15009,3138,Maui,HI
16001,804,Ada,ID
16003,805,Adams,ID
16005,2087,Bannock,ID
16007,2893,Bear Lake,ID
16009,806,Benewah,ID
16011,2894,Bingham,ID
16013,2895,Blaine,ID
16015,84,Boise,ID
16017,807,Bonner,ID
16019,808,Bonneville,ID
16021,85,Boundary,ID
16023,876,Butte,ID
16025,877,Camas,ID
16027,2088,Canyon,ID
16029,878,Caribou,ID
16031,2885,Cassia,ID
16033,879,Clark,ID
16035,2886,Clearwater,ID
16037,2887,Custer,ID
16039,2089,Elmore,ID
16041,880,Franklin,ID
16043,881,Fremont,ID
16045,86,Gem,ID
16047,882,Gooding,ID
16049,2888,Idaho,ID
16051,87,Jefferson,ID
16053,883,Jerome,ID
16055,884,Kootenai,ID
16057,88,Latah,ID
16059,2889,Lemhi,ID
16061,885,Lewis,ID
16063,2090,Lincoln,ID
16065,886,Madison,ID
16067,89,Minidoka,ID
16069,887,Nez Perce,ID
16071,831,Oneida,ID
16073,2879,Owyhee,ID
16075,2091,Payette,ID
16077,832,Power,ID
16079,833,Shoshone,ID
16081,90,Teton,ID
16083,834,Twin Falls,ID
16085,2880,Valley,ID
16087,2881,Washington,ID
17001,2092,Adams,IL
17003,835,Alexander,IL
17005,91,Bond,IL
17007,836,Boone,IL
17009,92,Brown,IL
17011,837,Bureau,IL
17013,2882,Calhoun,IL
17015,838,Carroll,IL
17017,2093,Cass,IL
17019,93,Champaign,IL
17021,2883,Christian,IL
17023,839,Clark,IL
17025,2131,Clay,IL
17027,2884,Clinton,IL
17029,94,Coles,IL
17031,2899,Cook,IL
17033,840,Crawford,IL
17035,95,Cumberland,IL
17037,841,DeKalb,IL
17039,2132,De Witt,IL
17041,842,Douglas,IL
17043,843,DuPage,IL
17045,2133,Edgar,IL
17047,859,Edwards,IL
17049,96,Effingham,IL
17051,860,Fayette,IL
17053,861,Ford,IL
17055,97,Franklin,IL
17057,862,Fulton,IL
17059,2469,Gallatin,IL
17061,2134,Greene,IL
17063,863,Grundy,IL
17065,98,Hamilton,IL
17067,2470,Hancock,IL
17069,2135,Hardin,IL
17071,2186,Henderson,IL
17073,119,Henry,IL
17075,2187,Iroquois,IL
17077,120,Jackson,IL
17079,121,Jasper,IL
17081,1565,Jefferson,IL
17083,2591,Jersey,IL
17085,2592,Jo Daviess,IL
17087,2188,Johnson,IL
17089,122,Kane,IL
17091,1566,Kankakee,IL
17093,1567,Kendall,IL
17095,2189,Knox,IL
17097,2593,Lake,IL
17099,1568,LaSalle,IL
17101,1569,Lawrence,IL
17103,123,Lee,IL
17105,1570,Livingston,IL
17107,124,Logan,IL
17109,1571,McDonough,IL
17111,1572,McHenry,IL
17113,2190,McLean,IL
17115,2594,Macon,IL
17117,1573,Macoupin,IL
17119,2595,Madison,IL
17121,125,Marion,IL
17123,2191,Marshall,IL
17125,1574,Mason,IL
17127,1575,Massac,IL
17129,126,Menard,IL
17131,1259,Mercer,IL
17133,1622,Monroe,IL
17135,2192,Montgomery,IL
17137,1623,Morgan,IL
17139,127,Moultrie,IL
17141,1624,Ogle,IL
17143,1625,Peoria,IL
17145,128,Perry,IL
17147,1626,Piatt,IL
17149,2918,Pike,IL
17151,2193,Pope,IL
17153,1627,Pulaski,IL
17155,129,Putnam,IL
17157,2919,Randolph,IL
17159,1628,Richland,IL
17161,2920,Rock Island,IL
17163,2194,St. Clair,IL
17165,1629,Saline,IL
17167,1630,Sangamon,IL
17169,130,Schuyler,IL
17171,2921,Scott,IL
17173,2922,Shelby,IL
17175,131,Stark,IL
17177,1631,Stephenson,IL
17179,132,Tazewell,IL
17181,2923,Union,IL
17183,1632,Vermilion,IL
17185,2924,Wabash,IL
17187,2195,Warren,IL
17189,133,Washington,IL
17191,1633,Wayne,IL
17193,2925,White,IL
17195,1634,Whiteside,IL
17197,1635,Will,IL
17199,2196,Williamson,IL
17201,2926,Winnebago,IL
17203,134,Woodford,IL
18001,1636,Adams,IN
18003,942,Allen,IN
18005,2242,Bartholomew,IN
18007,888,Benton,IN
18009,135,Blackford,IN
18011,136,Boone,IN
18013,889,Brown,IN
18015,890,Carroll,IN
18017,2243,Cass,IN
18019,891,Clark,IN
18021,137,Clay,IN
18023,2890,Clinton,IN
18025,892,Crawford,IN
18027,2244,Daviess,IN
18029,2906,Dearborn,IN
18031,893,Decatur,IN
18033,138,DeKalb,IN
18035,894,Delaware,IN
18037,2907,Dubois,IN
18039,2908,Elkhart,IN
18041,2245,Fayette,IN
18043,2246,Floyd,IN
18045,895,Fountain,IN
18047,3031,Franklin,IN
18049,2136,Fulton,IN
18051,99,Gibson,IN
18053,2137,Grant,IN
18055,864,Greene,IN
18057,865,Hamilton,IN
18059,100,Hancock,IN
18061,2471,Harrison,IN
18063,2138,Hendricks,IN
18065,866,Henry,IN
18067,867,Howard,IN
18069,101,Huntington,IN
18071,868,Jackson,IN
18073,2472,Jasper,IN
18075,2139,Jay,IN
18077,869,Jefferson,IN
18079,102,Jennings,IN
18081,2473,Johnson,IN
18083,2474,Knox,IN
18085,103,Kosciusko,IN
18087,870,LaGrange,IN
18089,2475,Lake,IN
18091,871,LaPorte,IN
18093,2140,Lawrence,IN
18095,104,Madison,IN
18097,872,Marion,IN
18099,2141,Marshall,IN
18101,873,Martin,IN
18103,874,Miami,IN
18105,105,Monroe,IN
18107,2476,Montgomery,IN
18109,875,Morgan,IN
18111,2503,Newton,IN
18113,2142,Noble,IN
18115,106,Ohio,IN
18117,844,Orange,IN
18119,2143,Owen,IN
18121,845,Parke,IN
18123,2900,Perry,IN
18125,107,Pike,IN
18127,846,Porter,IN
18129,2901,Posey,IN
18131,108,Pulaski,IN
18133,2144,Putnam,IN
18135,847,Randolph,IN
18137,848,Ripley,IN
18139,109,Rush,IN
18141,849,St. Joseph,IN
18143,2902,Scott,IN
18145,2145,Shelby,IN
18147,2903,Spencer,IN
18149,850,Starke,IN
18151,851,Steuben,IN
18153,110,Sullivan,IN
18155,2904,Switzerland,IN
18157,2146,Tippecanoe,IN
18159,852,Tipton,IN
18161,853,Union,IN
18163,2905,Vanderburgh,IN
18165,2181,Vermillion,IN
18167,854,Vigo,IN
18169,855,Wabash,IN
18171,2466,Warren,IN
18173,111,Warrick,IN
18175,856,Washington,IN
18177,2467,Wayne,IN
18179,112,Wells,IN
18181,857,White,IN
18183,113,Whitley,IN
19001,858,Adair,IA
19003,2182,Adams,IA
19005,2468,Allamakee,IA
19007,1558,Appanoose,IA
19009,114,Audubon,IA
19011,1559,Benton,IA
19013,2183,Black Hawk,IA
19015,1560,Boone,IA
19017,115,Bremer,IA
19019,1561,Buchanan,IA
19021,116,Buena Vista,IA
19023,1562,Butler,IA
19025,2184,Calhoun,IA
19027,1563,Carroll,IA
19029,2589,Cass,IA
19031,117,Cedar,IA
19033,1564,Cerro Gordo,IA
19035,2185,Cherokee,IA
19037,2590,Chickasaw,IA
19039,118,Clarke,IA
19041,1854,Clay,IA
19043,1855,Clayton,IA
19045,215,Clinton,IA
19047,216,Crawford,IA
19049,1856,Dallas,IA
19051,2496,Davis,IA
19053,941,Decatur,IA
19055,217,Delaware,IA
19057,1857,Des Moines,IA
19059,988,Dickinson,IA
19061,944,Dubuque,IA
19063,218,Emmet,IA
19065,2497,Fayette,IA
19067,219,Floyd,IA
19069,945,Franklin,IA
19071,2498,Fremont,IA
19073,1858,Greene,IA
19075,946,Grundy,IA
19077,947,Guthrie,IA
19079,220,Hamilton,IA
19081,1859,Hancock,IA
19083,2499,Hardin,IA
19085,2500,Harrison,IA
19087,221,Henry,IA
19089,948,Howard,IA
19091,1860,Humboldt,IA
19093,949,Ida,IA
19095,222,Iowa,IA
19097,2501,Jackson,IA
19099,1861,Jasper,IA
19101,950,Jefferson,IA
19103,951,Johnson,IA
19105,223,Jones,IA
19107,952,Keokuk,IA
19109,2502,Kossuth,IA
19111,953,Lee,IA
19113,224,Linn,IA
19115,1862,Louisa,IA
19117,2528,Lucas,IA
19119,2504,Lyon,IA
19121,225,Madison,IA
19123,3018,Mahaska,IA
19125,226,Marion,IA
19127,954,Marshall,IA
19129,955,Mills,IA
19131,1863,Mitchell,IA
19133,2505,Monona,IA
19135,956,Monroe,IA
19137,227,Montgomery,IA
19139,957,Muscatine,IA
19141,228,O'Brien,IA
19143,2506,Osceola,IA
19145,958,Page,IA
19147,1864,Palo Alto,IA
19149,1002,Plymouth,IA
19151,229,Pocahontas,IA
19153,960,Polk,IA
19155,961,Pottawattamie,IA
19157,1865,Poweshiek,IA
19159,962,Ringgold,IA
19161,230,Sac,IA
19163,963,Scott,IA
19165,1866,Shelby,IA
19167,2507,Sioux,IA
19169,231,Story,IA
19171,964,Tama,IA
19173,2508,Taylor,IA
19175,232,Union,IA
19177,965,Van Buren,IA
19179,1867,Wapello,IA
19181,233,Warren,IA
19183,966,Washington,IA
19185,2509,Wayne,IA
19187,1868,Webster,IA
19189,967,Winnebago,IA
19191,2510,Winneshiek,IA
19193,968,Woodbury,IA
19195,234,Worth,IA
19197,1869,Wright,IA
20001,2511,Allen,KS
20003,969,Anderson,KS
20005,235,Atchison,KS
20007,2512,Barber,KS
20009,970,Barton,KS
20011,2513,Bourbon,KS
20013,1901,Brown,KS
20015,236,Butler,KS
20017,971,Chase,KS
20019,972,Chautauqua,KS
20021,2534,Cherokee,KS
20023,1902,Cheyenne,KS
20025,2297,Clark,KS
20027,159,Clay,KS
20029,160,Cloud,KS
20031,2298,Coffey,KS
20033,2299,Comanche,KS
20035,1643,Cowley,KS
20037,3056,Crawford,KS
20039,161,Decatur,KS
20041,1644,Dickinson,KS
20043,3057,Doniphan,KS
20045,2300,Douglas,KS
20047,1645,Edwards,KS
20049,162,Elk,KS
20051,1646,Ellis,KS
20053,1647,Ellsworth,KS
20055,2301,Finney,KS
20057,1648,Ford,KS
20059,709,Franklin,KS
20061,3058,Geary,KS
20063,1649,Gove,KS
20065,163,Graham,KS
20067,3059,Grant,KS
20069,2302,Gray,KS
20071,3060,Greeley,KS
20073,1650,Greenwood,KS
20075,164,Hamilton,KS
20077,1651,Harper,KS
20079,1652,Harvey,KS
20081,2303,Haskell,KS
20083,3061,Hodgeman,KS
20085,165,Jackson,KS
20087,1653,Jefferson,KS
20089,3062,Jewell,KS
20091,904,Johnson,KS
20093,2304,Kearny,KS
20095,166,Kingman,KS
20097,905,Kiowa,KS
20099,906,Labette,KS
20101,2305,Lane,KS
20103,907,Leavenworth,KS
20105,167,Lincoln,KS
20107,2916,Linn,KS
20109,908,Logan,KS
20111,2306,Lyon,KS
20113,909,McPherson,KS
20115,168,Marion,KS
20117,2917,Marshall,KS
20119,910,Meade,KS
20121,2477,Miami,KS
20123,2307,Mitchell,KS
20125,911,Montgomery,KS
20127,169,Morris,KS
20129,2478,Morton,KS
20131,912,Nemaha,KS
20133,2308,Neosho,KS
20135,170,Ness,KS
20137,2479,Norton,KS
20139,2309,Osage,KS
20141,913,Osborne,KS
20143,914,Ottawa,KS
20145,171,Pawnee,KS
20147,2480,Phillips,KS
20149,3038,Pottawatomie,KS
20151,2310,Pratt,KS
20153,2481,Rawlins,KS
20155,172,Reno,KS
20157,915,Republic,KS
20159,2311,Rice,KS
20161,2482,Riley,KS
20163,173,Rooks,KS
20165,916,Rush,KS
20167,917,Russell,KS
20169,2312,Saline,KS
20171,918,Scott,KS
20173,174,Sedgwick,KS
20175,2483,Seward,KS
20177,919,Shawnee,KS
20179,2344,Sheridan,KS
20181,959,Sherman,KS
20183,1593,Smith,KS
20185,175,Stafford,KS
20187,1594,Stanton,KS
20189,1595,Stevens,KS
20191,2345,Sumner,KS
20193,3048,Thomas,KS
20195,176,Trego,KS
20197,1596,Wabaunsee,KS
20199,3049,Wallace,KS
20201,3050,Washington,KS
20203,177,Wichita,KS
20205,178,Wilson,KS
20207,1597,Woodson,KS
20209,2346,Wyandotte,KS
21001,1801,Adair,KY
21003,195,Allen,KY
21005,1802,Anderson,KY
21007,1803,Ballard,KY
21009,196,Barren,KY
21011,1617,Bath,KY
21013,1618,Bell,KY
21015,1619,Boone,KY
21017,197,Bourbon,KY
21019,1804,Boyd,KY
21021,3084,Boyle,KY
21023,3085,Bracken,KY
21025,198,Breathitt,KY
21027,1620,Breckinridge,KY
21029,1621,Bullitt,KY
21031,199,Butler,KY
21033,2949,Caldwell,KY
21035,1665,Calloway,KY
21037,1805,Campbell,KY
21039,1666,Carlisle,KY
21041,1667,Carroll,KY
21043,200,Carter,KY
21045,1668,Casey,KY
21047,3087,Christian,KY
21049,1806,Clark,KY
21051,3042,Clay,KY
21053,201,Clinton,KY
21055,3088,Crittenden,KY
21057,1669,Cumberland,KY
21059,3089,Daviess,KY
21061,1807,Edmonson,KY
21063,202,Elliott,KY
21065,1670,Estill,KY
21067,1671,Fayette,KY
21069,1808,Fleming,KY
21071,1672,Floyd,KY
21073,3090,Franklin,KY
21075,3091,Fulton,KY
21077,203,Gallatin,KY
21079,1673,Garrard,KY
21081,1809,Grant,KY
21083,1674,Graves,KY
21085,1675,Grayson,KY
21087,204,Green,KY
21089,3092,Greenup,KY
21091,1676,Hancock,KY
21093,1810,Hardin,KY
21095,3093,Harlan,KY
21097,1677,Harrison,KY
21099,205,Hart,KY
21101,1678,Henderson,KY
21103,206,Henry,KY
21105,2930,Hickman,KY
21107,1679,Hopkins,KY
21109,1811,Jackson,KY
21111,928,Jefferson,KY
21113,929,Jessamine,KY
21115,207,Johnson,KY
21117,3017,Kenton,KY
21119,2487,Knott,KY
21121,208,Knox,KY
21123,930,Larue,KY
21125,1812,Laurel,KY
21127,2488,Lawrence,KY
21129,931,Lee,KY
21131,1813,Leslie,KY
21133,2489,Letcher,KY
21135,932,Lewis,KY
21137,209,Lincoln,KY
21139,933,Livingston,KY
21141,2490,Logan,KY
21143,210,Lyon,KY
21145,934,McCracken,KY
21147,1851,McCreary,KY
21149,2491,McLean,KY
21151,211,Madison,KY
21153,935,Magoffin,KY
21155,2492,Marion,KY
21157,212,Marshall,KY
21159,936,Martin,KY
21161,2516,Mason,KY
21163,2494,Meade,KY
21165,1852,Menifee,KY
21167,937,Mercer,KY
21169,213,Metcalfe,KY
21171,938,Monroe,KY
21173,939,Montgomery,KY
21175,214,Morgan,KY
21177,2495,Muhlenberg,KY
21179,940,Nelson,KY
21181,1853,Nicholas,KY
21183,179,Ohio,KY
21185,2347,Oldham,KY
21187,180,Owen,KY
21189,181,Owsley,KY
21191,1598,Pendleton,KY
21193,1599,Perry,KY
21195,3051,Pike,KY
21197,2348,Powell,KY
21199,182,Pulaski,KY
21201,1600,Robertson,KY
21203,2349,Rockcastle,KY
21205,1601,Rowan,KY
21207,1602,Russell,KY
21209,183,Scott,KY
21211,3052,Shelby,KY
21213,3053,Simpson,KY
21215,2350,Spencer,KY
21217,1603,Taylor,KY
21219,184,Todd,KY
21221,1604,Trigg,KY
21223,3054,Trimble,KY
21225,3055,Union,KY
21227,2351,Warren,KY
21229,185,Washington,KY
21231,1605,Wayne,KY
21233,1606,Webster,KY
21235,2352,Whitley,KY
21237,1607,Wolfe,KY
21239,1608,Woodford,KY
22001,186,Acadia,LA
22003,3079,Allen,LA
22005,1609,Ascension,LA
22007,2353,Assumption,LA
22009,3080,Avoyelles,LA
22011,1654,Beauregard,LA
22013,187,Bienville,LA
22015,1655,Bossier,LA
22017,1656,Caddo,LA
22019,3063,Calcasieu,LA
22021,2354,Caldwell,LA
22023,1657,Cameron,LA
22025,2355,Catahoula,LA
22027,3064,Claiborne,LA
22029,3065,Concordia,LA
22031,1658,De Soto,LA
22033,188,East Baton Rouge,LA
22035,1659,East Carroll,LA
22037,3066,East Feliciana,LA
22039,2998,Evangeline,LA
22041,1660,Franklin,LA
22043,1661,Grant,LA
22045,3086,Iberia,LA
22047,2356,Iberville,LA
22049,1662,Jackson,LA
22051,1663,Jefferson,LA
22053,189,Jefferson Davis,LA
22055,1664,Lafayette,LA
22057,920,Lafourche,LA
22059,2357,La Salle,LA
22061,921,Lincoln,LA
22063,922,Livingston,LA
22065,2484,Madison,LA
22067,2358,Morehouse,LA
22069,923,Natchitoches,LA
22071,2514,Orleans,LA
22073,190,Ouachita,LA
22075,924,Plaquemines,LA
22077,191,Pointe Coupee,LA
22079,925,Rapides,LA
22081,926,Red River,LA
22083,2359,Richland,LA
22085,927,Sabine,LA
22087,2540,St. Bernard,LA
22089,192,St. Charles,LA
22091,1610,St. Helena,LA
22093,1611,St. James,LA
22095,1799,St. John the Baptist,LA
22097,1612,St. Landry,LA
22099,1613,St. Martin,LA
22101,3081,St. Mary,LA
22103,1614,St. Tammany,LA
22105,193,Tangipahoa,LA
22107,3082,Tensas,LA
22109,3083,Terrebonne,LA
22111,1800,Union,LA
22113,1615,Vermilion,LA
22115,194,Vernon,LA
22117,1616,Washington,LA
22119,1952,Webster,LA
22121,257,West Baton Rouge,LA
22123,3032,West Carroll,LA
22125,1953,West Feliciana,LA
22127,258,Winn,LA
23001,2538,Androscoggin,ME
23003,2539,Aroostook,ME
23005,2564,Cumberland,ME
23007,1009,Franklin,ME
23009,259,Hancock,ME
23011,1045,Kennebec,ME
23013,2600,Knox,ME
23015,1028,Lincoln,ME
23017,1954,Oxford,ME
23019,2601,Penobscot,ME
23021,1029,Piscataquis,ME
23023,1030,Sagadahoc,ME
23025,2602,Somerset,ME
23027,2620,Waldo,ME
23029,260,Washington,ME
23031,1031,York,ME
24001,261,Allegany,MD
24003,262,Anne Arundel,MD
24005,2712,Baltimore,MD
24009,263,Calvert,MD
24011,1075,Caroline,MD
24013,1076,Carroll,MD
24015,1955,Cecil,MD
24017,264,Charles,MD
24019,265,Dorchester,MD
24021,1077,Frederick,MD
24023,1078,Garrett,MD
24025,2713,Harford,MD
24027,1956,Howard,MD
24029,266,Kent,MD
24031,1079,Montgomery,MD
24033,1080,Prince George's,MD
24035,267,Queen Anne's,MD
24037,268,St. Mary's,MD
24039,269,Somerset,MD
24041,270,Talbot,MD
24043,1081,Washington,MD
24045,2605,Wicomico,MD
24047,1119,Worcester,MD
24510,2810,Baltimore,MD
25001,1957,Barnstable,MA
25003,1958,Berkshire,MA
25005,2833,Bristol,MA
25007,1120,Dukes,MA
25009,2834,Essex,MA
25011,271,Franklin,MA
25013,1121,Hampden,MA
25015,1122,Hampshire,MA
25017,1123,Middlesex,MA
25019,2835,Nantucket,MA
25021,1162,Norfolk,MA
25023,1163,Plymouth,MA
25025,2606,Suffolk,MA
25027,1959,Worcester,MA
26001,2607,Alcona,MI
26003,1164,Alger,MI
26005,1165,Allegan,MI
26007,1166,Alpena,MI
26009,272,Antrim,MI
26011,2627,Arenac,MI
26013,2714,Baraga,MI
26015,273,Barry,MI
26017,1207,Bay,MI
26019,1208,Benzie,MI
26021,1209,Berrien,MI
26023,274,Branch,MI
26025,1960,Calhoun,MI
26027,1210,Cass,MI
26029,2715,Charlevoix,MI
26031,1211,Cheboygan,MI
26033,1212,Chippewa,MI
26035,275,Clare,MI
26037,276,Clinton,MI
26039,1961,Crawford,MI
26041,1253,Delta,MI
26043,1254,Dickinson,MI
26045,277,Eaton,MI
26047,1255,Emmet,MI
26049,1962,Genesee,MI
26051,1256,Gladwin,MI
26053,2814,Gogebic,MI
26055,2837,Grand Traverse,MI
26057,278,Gratiot,MI
26059,1996,Hillsdale,MI
26061,279,Houghton,MI
26063,1997,Huron,MI
26065,1257,Ingham,MI
26067,3033,Ionia,MI
26069,1258,Iosco,MI
26071,1351,Iron,MI
26073,280,Isabella,MI
26075,1303,Jackson,MI
26077,281,Kalamazoo,MI
26079,1304,Kalkaska,MI
26081,1305,Kent,MI
26083,282,Keweenaw,MI
26085,283,Lake,MI
26087,1306,Lapeer,MI
26089,2610,Leelanau,MI
26091,284,Lenawee,MI
26093,1307,Livingston,MI
26095,1308,Luce,MI
26097,285,Mackinac,MI
26099,1309,Macomb,MI
26101,1310,Manistee,MI
26103,286,Marquette,MI
26105,2611,Mason,MI
26107,287,Mecosta,MI
26109,2634,Menominee,MI
26111,288,Midland,MI
26113,1998,Missaukee,MI
26115,1311,Monroe,MI
26117,289,Montcalm,MI
26119,1999,Montmorency,MI
26121,2719,Muskegon,MI
26123,290,Newaygo,MI
26125,1352,Oakland,MI
26127,2720,Oceana,MI
26129,2000,Ogemaw,MI
26131,1353,Ontonagon,MI
26133,291,Osceola,MI
26135,1354,Oscoda,MI
26137,2001,Otsego,MI
26139,2721,Ottawa,MI
26141,2722,Presque Isle,MI
26143,292,Roscommon,MI
26145,1355,Saginaw,MI
26147,1356,St. Clair,MI
26149,2002,St. Joseph,MI
26151,2723,Sanilac,MI
26153,2724,Schoolcraft,MI
26155,293,Shiawassee,MI
26157,1357,Tuscola,MI
26159,1397,Van Buren,MI
26161,294,Washtenaw,MI
26163,1398,Wayne,MI
26165,295,Wexford,MI
27001,1399,Aitkin,MN
27003,1400,Anoka,MN
27005,2003,Becker,MN
27007,2819,Beltrami,MN
27009,296,Benton,MN
27011,1401,Big Stone,MN
27013,2004,Blue Earth,MN
27015,2820,Brown,MN
27017,1402,Carlton,MN
27019,297,Carver,MN
27021,2821,Cass,MN
27023,2005,Chippewa,MN
27025,1403,Chisago,MN
27027,2822,Clay,MN
27029,298,Clearwater,MN
27031,2844,Cook,MN
27033,2006,Cottonwood,MN
27035,1404,Crow Wing,MN
27037,1405,Dakota,MN
27039,299,Dodge,MN
27041,1406,Douglas,MN
27043,1407,Faribault,MN
27045,1408,Fillmore,MN
27047,2007,Freeborn,MN
27049,2845,Goodhue,MN
27051,300,Grant,MN
27053,1409,Hennepin,MN
27055,2846,Houston,MN
27057,301,Hubbard,MN
27059,1410,Isanti,MN
27061,2008,Itasca,MN
27063,1446,Jackson,MN
27065,1447,Kanabec,MN
27067,302,Kandiyohi,MN
27069,1448,Kittson,MN
27071,1903,Koochiching,MN
27073,237,Lac qui Parle,MN
27075,2515,Lake,MN
27077,1012,Lake of the Woods,MN
27079,1904,Le Sueur,MN
27081,974,Lincoln,MN
27083,238,Lyon,MN
27085,239,McLeod,MN
27087,1905,Mahnomen,MN
27089,975,Marshall,MN
27091,976,Martin,MN
27093,240,Meeker,MN
27095,977,Mille Lacs,MN
27097,978,Morrison,MN
27099,979,Mower,MN
27101,1906,Murray,MN
27103,241,Nicollet,MN
27105,980,Nobles,MN
27107,1907,Norman,MN
27109,981,Olmsted,MN
27111,982,Otter Tail,MN
27113,242,Pennington,MN
27115,983,Pine,MN
27117,984,Pipestone,MN
27119,985,Polk,MN
27121,243,Pope,MN
27123,2517,Ramsey,MN
27125,1908,Red Lake,MN
27127,244,Redwood,MN
27129,986,Renville,MN
27131,1909,Rice,MN
27133,987,Rock,MN
27135,2518,Roseau,MN
27137,1027,St. Louis,MN
27139,2999,Scott,MN
27141,989,Sherburne,MN
27143,1910,Sibley,MN
27145,990,Stearns,MN
27147,245,Steele,MN
27149,991,Stevens,MN
27151,2519,Swift,MN
27153,246,Todd,MN
27155,2520,Traverse,MN
27157,992,Wabasha,MN
27159,1911,Wadena,MN
27161,247,Waseca,MN
27163,993,Washington,MN
27165,2521,Watonwan,MN
27167,2522,Wilkin,MN
27169,1912,Winona,MN
27171,994,Wright,MN
27173,2523,Yellow Medicine,MN
28001,2524,Adams,MS
28003,248,Alcorn,MS
28005,995,Amite,MS
28007,1913,Attala,MS
28009,996,Benton,MS
28011,997,Bolivar,MS
28013,249,Calhoun,MS
28015,998,Carroll,MS
28017,250,Chickasaw,MS
28019,2525,Choctaw,MS
28021,999,Claiborne,MS
28023,1914,Clarke,MS
28025,2526,Clay,MS
28027,2527,Coahoma,MS
28029,251,Copiah,MS
28031,1000,Covington,MS
28033,3039,DeSoto,MS
28035,1915,Forrest,MS
28037,252,Franklin,MS
28039,1001,George,MS
28041,1032,Greene,MS
28043,1916,Grenada,MS
28045,1003,Hancock,MS
28047,2546,Harrison,MS
28049,253,Hinds,MS
28051,1004,Holmes,MS
28053,1005,Humphreys,MS
28055,2535,Issaquena,MS
28057,1950,Itawamba,MS
28059,1006,Jackson,MS
28061,254,Jasper,MS
28063,2536,Jefferson,MS
28065,255,Jefferson Davis,MS
28067,1007,Jones,MS
28069,1951,Kemper,MS
28071,2537,Lafayette,MS
28073,1008,Lamar,MS
28075,256,Lauderdale,MS
28077,2198,Lawrence,MS
28079,357,Leake,MS
28081,2199,Lee,MS
28083,358,Leflore,MS
28085,2200,Lincoln,MS
28087,2201,Lowndes,MS
28089,2842,Madison,MS
28091,1271,Marion,MS
28093,2843,Marshall,MS
28095,359,Monroe,MS
28097,1272,Montgomery,MS
28099,360,Neshoba,MS
28101,1273,Newton,MS
28103,361,Noxubee,MS
28105,2547,Oktibbeha,MS
28107,2202,Panola,MS
28109,1274,Pearl River,MS
28111,2548,Perry,MS
28113,2549,Pike,MS
28115,362,Pontotoc,MS
28117,363,Prentiss,MS
28119,1275,Quitman,MS
28121,1276,Rankin,MS
28123,2203,Scott,MS
28125,2550,Sharkey,MS
28127,364,Simpson,MS
28129,1277,Smith,MS
28131,2551,Stone,MS
28133,2204,Sunflower,MS
28135,3024,Tallahatchie,MS
28137,1312,Tate,MS
28139,365,Tippah,MS
28141,1313,Tishomingo,MS
28143,1314,Tunica,MS
28145,2205,Union,MS
28147,2612,Walthall,MS
28149,2635,Warren,MS
28151,366,Washington,MS
28153,1315,Wayne,MS
28155,1316,Webster,MS
28157,1317,Wilkinson,MS
28159,2206,Winston,MS
28161,2636,Yalobusha,MS
28163,1318,Yazoo,MS
29001,367,Adair,MO
29003,2207,Andrew,MO
29005,2637,Atchison,MO
29007,1319,Audrain,MO
29009,368,Barry,MO
29011,2638,Barton,MO
29013,3026,Bates,MO
29015,2208,Benton,MO
29017,1320,Bollinger,MO
29019,2639,Boone,MO
29021,369,Buchanan,MO
29023,1321,Butler,MO
29025,2640,Caldwell,MO
29027,2209,Callaway,MO
29029,1322,Camden,MO
29031,2660,Cape Girardeau,MO
29033,370,Carroll,MO
29035,1323,Carter,MO
29037,2661,Cass,MO
29039,2210,Cedar,MO
29041,1324,Chariton,MO
29043,371,Christian,MO
29045,1325,Clark,MO
29047,1358,Clay,MO
29049,2211,Clinton,MO
29051,1359,Cole,MO
29053,372,Cooper,MO
29055,1360,Crawford,MO
29057,1361,Dade,MO
29059,2212,Dallas,MO
29061,1362,Daviess,MO
29063,2749,DeKalb,MO
29065,373,Dent,MO
29067,1363,Douglas,MO
29069,2750,Dunklin,MO
29071,2213,Franklin,MO
29073,1364,Gasconade,MO
29075,374,Gentry,MO
29077,1365,Greene,MO
29079,1366,Grundy,MO
29081,2751,Harrison,MO
29083,2259,Henry,MO
29085,375,Hickory,MO
29087,1367,Holt,MO
29089,2752,Howard,MO
29091,2753,Howell,MO
29093,2260,Iron,MO
29095,2009,Jackson,MO
29097,303,Jasper,MO
29099,2049,Jefferson,MO
29101,2671,Johnson,MO
29103,304,Knox,MO
29105,1449,Laclede,MO
29107,2672,Lafayette,MO
29109,305,Lawrence,MO
29111,1450,Lewis,MO
29113,2673,Lincoln,MO
29115,2050,Linn,MO
29117,306,Livingston,MO
29119,1451,McDonald,MO
29121,2051,Macon,MO
29123,2674,Madison,MO
29125,1452,Maries,MO
29127,2675,Marion,MO
29129,1453,Mercer,MO
29131,307,Miller,MO
29133,2758,Mississippi,MO
29135,2052,Moniteau,MO
29137,308,Monroe,MO
29139,1454,Montgomery,MO
29141,1455,Morgan,MO
29143,2759,New Madrid,MO
29145,2053,Newton,MO
29147,1456,Nodaway,MO
29149,2760,Oregon,MO
29151,309,Osage,MO
29153,1457,Ozark,MO
29155,2761,Pemiscot,MO
29157,1458,Perry,MO
29159,310,Pettis,MO
29161,1459,Phelps,MO
29163,2054,Pike,MO
29165,2762,Platte,MO
29167,1460,Polk,MO
29169,311,Pulaski,MO
29171,1498,Putnam,MO
29173,2055,Ralls,MO
29175,1499,Randolph,MO
29177,1500,Ray,MO
29179,312,Reynolds,MO
29181,1501,Ripley,MO
29183,2709,St. Charles,MO
29185,2056,St. Clair,MO
29186,1502,Ste. Genevieve,MO
29187,1503,St. Francois,MO
29189,2710,St. Louis,MO
29195,313,Saline,MO
29197,1504,Schuyler,MO
29199,2711,Scotland,MO
29201,2057,Scott,MO
29203,1505,Shannon,MO
29205,314,Shelby,MO
29207,1506,Stoddard,MO
29209,2797,Stone,MO
29211,315,Sullivan,MO
29213,1507,Taney,MO
29215,2058,Texas,MO
29217,2798,Vernon,MO
29219,1508,Warren,MO
29221,316,Washington,MO
29223,2059,Wayne,MO
29225,1509,Webster,MO
29227,2799,Worth,MO
29229,317,Wright,MO
29510,1510,St. Louis,MO
30001,2800,Beaverhead,MT
30003,1511,Big Horn,MT
30005,1547,Blaine,MT
30007,2060,Broadwater,MT
30009,1548,Carbon,MT
30011,2825,Carter,MT
30013,318,Cascade,MT
30015,1549,Chouteau,MT
30017,2826,Custer,MT
30019,1550,Daniels,MT
30021,2061,Dawson,MT
30023,1551,Deer Lodge,MT
30025,2827,Fallon,MT
30027,2828,Fergus,MT
30029,1552,Flathead,MT
30031,2062,Gallatin,MT
30033,2829,Garfield,MT
30035,1553,Glacier,MT
30037,319,Golden Valley,MT
30039,2830,Granite,MT
30041,1554,Hill,MT
30043,320,Jefferson,MT
30045,2831,Judith Basin,MT
30047,2094,Lake,MT
30049,2148,Lewis and Clark,MT
30051,338,Liberty,MT
30053,2149,Lincoln,MT
30055,1132,McCone,MT
30057,1133,Madison,MT
30059,339,Meagher,MT
30061,2861,Mineral,MT
30063,1167,Missoula,MT
30065,1168,Musselshell,MT
30067,2628,Park,MT
30069,340,Petroleum,MT
30071,1169,Phillips,MT
30073,2629,Pondera,MT
30075,2150,Powder River,MT
30077,1170,Powell,MT
30079,2630,Prairie,MT
30081,2631,Ravalli,MT
30083,1171,Richland,MT
30085,2151,Roosevelt,MT
30087,1172,Rosebud,MT
30089,2632,Sanders,MT
30091,1173,Sheridan,MT
30093,341,Silver Bow,MT
30095,2633,Stillwater,MT
30097,1174,Sweet Grass,MT
30099,342,Teton,MT
30101,1175,Toole,MT
30103,2654,Treasure,MT
30105,2655,Valley,MT
30107,343,Wheatland,MT
30109,1213,Wibaux,MT
30111,2716,Yellowstone,MT
31001,2152,Adams,NE
31003,344,Antelope,NE
31005,2153,Arthur,NE
31007,1214,Banner,NE
31009,345,Blaine,NE
31011,1215,Boone,NE
31013,1216,Box Butte,NE
31015,2717,Boyd,NE
31017,2154,Brown,NE
31019,1217,Buffalo,NE
31021,2718,Burt,NE
31023,346,Butler,NE
31025,1218,Cass,NE
31027,2155,Cedar,NE
31029,1219,Chase,NE
31031,2740,Cherry,NE
31033,1220,Cheyenne,NE
31035,347,Clay,NE
31037,348,Colfax,NE
31039,1221,Cuming,NE
31041,2156,Custer,NE
31043,2741,Dakota,NE
31045,1222,Dawes,NE
31047,349,Dawson,NE
31049,2742,Deuel,NE
31051,1223,Dixon,NE
31053,350,Dodge,NE
31055,2743,Douglas,NE
31057,1224,Dundy,NE
31059,2157,Fillmore,NE
31061,2744,Franklin,NE
31063,351,Frontier,NE
31065,3023,Furnas,NE
31067,2745,Gage,NE
31069,2158,Garden,NE
31071,1225,Garfield,NE
31073,352,Gosper,NE
31075,1226,Grant,NE
31077,2159,Greeley,NE
31079,1261,Hall,NE
31081,1262,Hamilton,NE
31083,1263,Harlan,NE
31085,353,Hayes,NE
31087,1264,Hitchcock,NE
31089,2160,Holt,NE
31091,2838,Hooker,NE
31093,354,Howard,NE
31095,2839,Jefferson,NE
31097,355,Johnson,NE
31099,1265,Kearney,NE
31101,1266,Keith,NE
31103,2840,Keya Paha,NE
31105,1267,Kimball,NE
31107,2197,Knox,NE
31109,1268,Lancaster,NE
31111,2841,Lincoln,NE
31113,3000,Logan,NE
31115,1269,Loup,NE
31117,356,McPherson,NE
31119,1270,Madison,NE
31121,321,Merrick,NE
31123,2095,Morrill,NE
31125,322,Nance,NE
31127,2096,Nemaha,NE
31129,1555,Nuckolls,NE
31131,2832,Otoe,NE
31133,1556,Pawnee,NE
31135,323,Perkins,NE
31137,324,Phelps,NE
31139,2587,Pierce,NE
31141,1557,Platte,NE
31143,2097,Polk,NE
31145,2588,Red Willow,NE
31147,325,Richardson,NE
31149,1033,Rock,NE
31151,1034,Saline,NE
31153,2098,Sarpy,NE
31155,1035,Saunders,NE
31157,2621,Scotts Bluff,NE
31159,326,Seward,NE
31161,1036,Sheridan,NE
31163,327,Sherman,NE
31165,2622,Sioux,NE
31167,2099,Stanton,NE
31169,1037,Thayer,NE
31171,328,Thomas,NE
31173,1038,Thurston,NE
31175,2623,Valley,NE
31177,2624,Washington,NE
31179,2100,Wayne,NE
31181,1039,Webster,NE
31183,329,Wheeler,NE
31185,2101,York,NE
32001,2625,Churchill,NV
32003,2626,Clark,NV
32005,1040,Douglas,NV
32007,1041,Elko,NV
32009,330,Esmeralda,NV
32011,2102,Eureka,NV
32013,1042,Humboldt,NV
32015,2646,Lander,NV
32017,1043,Lincoln,NV
32019,2647,Lyon,NV
32021,331,Mineral,NV
32023,1044,Nye,NV
32027,2103,Pershing,NV
32029,2648,Storey,NV
32031,1082,Washoe,NV
32033,332,White Pine,NV
32510,1083,Carson City,NV
33001,2733,Belknap,NH
33003,1084,Carroll,NH
33005,2104,Cheshire,NH
33007,2734,Coos,NH
33009,1085,Grafton,NH
33011,2735,Hillsborough,NH
33013,2736,Merrimack,NH
33015,1086,Rockingham,NH
33017,2105,Strafford,NH
33019,1087,Sullivan,NH
34001,2737,Atlantic,NJ
34003,1088,Bergen,NJ
34005,2738,Burlington,NJ
34007,333,Camden,NJ
34009,1089,Cape May,NJ
34011,2739,Cumberland,NJ
34013,1090,Essex,NJ
34015,334,Gloucester,NJ
34017,1124,Hudson,NJ
34019,1125,Hunterdon,NJ
34021,1126,Mercer,NJ
34023,2836,Middlesex,NJ
34025,2856,Monmouth,NJ
34027,2106,Morris,NJ
34029,1127,Ocean,NJ
34031,335,Passaic,NJ
34033,1128,Salem,NJ
34035,1129,Somerset,NJ
34037,2107,Sussex,NJ
34039,2857,Union,NJ
34041,1130,Warren,NJ
35001,336,Bernalillo,NM
35003,2858,Catron,NM
35005,2859,Chaves,NM
35006,337,Cibola,NM
35007,1131,Colfax,NM
35009,2860,Curry,NM
35011,2147,De Baca,NM
35013,1872,Dona Ana,NM
35015,430,Eddy,NM
35017,1873,Grant,NM
35019,1235,Guadalupe,NM
35021,1236,Harding,NM
35023,2777,Hidalgo,NM
35025,1237,Lea,NM
35027,431,Lincoln,NM
35028,432,Los Alamos,NM
35029,2778,Luna,NM
35031,2779,McKinley,NM
35033,1238,Mora,NM
35035,2780,Otero,NM
35037,1874,Quay,NM
35039,1239,Rio Arriba,NM
35041,1278,Roosevelt,NM
35043,1279,Sandoval,NM
35045,433,San Juan,NM
35047,2552,San Miguel,NM
35049,1280,Santa Fe,NM
35051,2553,Sierra,NM
35053,434,Socorro,NM
35055,2554,Taos,NM
35057,1281,Torrance,NM
35059,1875,Union,NM
35061,1282,Valencia,NM
36001,2555,Albany,NY
36003,435,Allegany,NY
36005,2556,Bronx,NY
36007,1283,Broome,NY
36009,3003,Cattaraugus,NY
36011,1284,Cayuga,NY
36013,1285,Chautauqua,NY
36015,2578,Chemung,NY
36017,1876,Chenango,NY
36019,1286,Clinton,NY
36021,436,Columbia,NY
36023,2579,Cortland,NY
36025,2580,Delaware,NY
36027,1287,Dutchess,NY
36029,2581,Erie,NY
36031,1877,Essex,NY
36033,1288,Franklin,NY
36035,1289,Fulton,NY
36037,437,Genesee,NY
36039,1290,Greene,NY
36041,1326,Hamilton,NY
36043,438,Herkimer,NY
36045,1327,Jefferson,NY
36047,2662,Kings,NY
36049,1878,Lewis,NY
36051,1328,Livingston,NY
36053,2663,Madison,NY
36055,1329,Monroe,NY
36057,439,Montgomery,NY
36059,1330,Nassau,NY
36061,2664,New York,NY
36063,1331,Niagara,NY
36065,1879,Oneida,NY
36067,2665,Onondaga,NY
36069,440,Ontario,NY
36071,1332,Orange,NY
36073,1333,Orleans,NY
36075,1334,Oswego,NY
36077,1880,Otsego,NY
36079,2694,Putnam,NY
36081,1373,Queens,NY
36083,441,Rensselaer,NY
36085,2787,Richmond,NY
36087,1374,Rockland,NY
36089,1375,St. Lawrence,NY
36091,1917,Saratoga,NY
36093,1376,Schenectady,NY
36095,442,Schoharie,NY
36097,2788,Schuyler,NY
36099,1377,Seneca,NY
36101,1918,Steuben,NY
36103,1378,Suffolk,NY
36105,2789,Sullivan,NY
36107,1379,Tioga,NY
36109,443,Tompkins,NY
36111,2790,Ulster,NY
36113,1919,Warren,NY
36115,2791,Washington,NY
36117,1380,Wayne,NY
36119,2792,Westchester,NY
36121,444,Wyoming,NY
36123,445,Yates,NY
37001,376,Alamance,NC
37003,2261,Alexander,NC
37005,377,Alleghany,NC
37007,2262,Anson,NC
37009,2263,Ashe,NC
37011,1368,Avery,NC
37013,1369,Beaufort,NC
37015,2754,Bertie,NC
37017,378,Bladen,NC
37019,1370,Brunswick,NC
37021,379,Buncombe,NC
37023,2755,Burke,NC
37025,1371,Cabarrus,NC
37027,380,Caldwell,NC
37029,2756,Camden,NC
37031,2757,Carteret,NC
37033,2264,Caswell,NC
37035,1411,Catawba,NC
37037,1412,Chatham,NC
37039,1413,Cherokee,NC
37041,1414,Chowan,NC
37043,3001,Clay,NC
37045,2265,Cleveland,NC
37047,1415,Columbus,NC
37049,2847,Craven,NC
37051,2848,Cumberland,NC
37053,2529,Currituck,NC
37055,381,Dare,NC
37057,382,Davidson,NC
37059,1416,Davie,NC
37061,1417,Duplin,NC
37063,2266,Durham,NC
37065,1418,Edgecombe,NC
37067,383,Forsyth,NC
37069,1419,Franklin,NC
37071,1420,Gaston,NC
37073,2267,Gates,NC
37075,1421,Graham,NC
37077,1422,Granville,NC
37079,2530,Greene,NC
37081,384,Guilford,NC
37083,1423,Halifax,NC
37085,2268,Harnett,NC
37087,1424,Haywood,NC
37089,2531,Henderson,NC
37091,385,Hertford,NC
37093,3037,Hoke,NC
37095,1461,Hyde,NC
37097,2269,Iredell,NC
37099,1462,Jackson,NC
37101,2763,Johnston,NC
37103,386,Jones,NC
37105,1463,Lee,NC
37107,2764,Lenoir,NC
37109,2270,Lincoln,NC
37111,1464,McDowell,NC
37113,2765,Macon,NC
37115,1465,Madison,NC
37117,387,Martin,NC
37119,2766,Mecklenburg,NC
37121,1466,Mitchell,NC
37123,2271,Montgomery,NC
37125,2767,Moore,NC
37127,388,Nash,NC
37129,1467,New Hanover,NC
37131,2849,Northampton,NC
37133,2272,Onslow,NC
37135,1468,Orange,NC
37137,2850,Pamlico,NC
37139,1469,Pasquotank,NC
37141,389,Pender,NC
37143,1470,Perquimans,NC
37145,2273,Person,NC
37147,1471,Pitt,NC
37149,2851,Polk,NC
37151,390,Randolph,NC
37153,1472,Richmond,NC
37155,2852,Robeson,NC
37157,2313,Rockingham,NC
37159,1512,Rowan,NC
37161,3041,Rutherford,NC
37163,1513,Sampson,NC
37165,391,Scotland,NC
37167,392,Stanly,NC
37169,1514,Stokes,NC
37171,2801,Surry,NC
37173,2314,Swain,NC
37175,1515,Transylvania,NC
37177,2802,Tyrrell,NC
37179,2315,Union,NC
37181,412,Vance,NC
37183,1816,Wake,NC
37185,3034,Warren,NC
37187,1817,Washington,NC
37189,2775,Watauga,NC
37191,413,Wayne,NC
37193,1105,Wilkes,NC
37195,1134,Wilson,NC
37197,414,Yadkin,NC
37199,1135,Yancey,NC
38001,2862,Adams,ND
38003,1818,Barnes,ND
38005,1136,Benson,ND
38007,415,Billings,ND
38009,1137,Bottineau,ND
38011,3020,Bowman,ND
38013,1819,Burke,ND
38015,2541,Burleigh,ND
38017,1138,Cass,ND
38019,416,Cavalier,ND
38021,2542,Dickey,ND
38023,2543,Divide,ND
38025,1820,Dunn,ND
38027,1139,Eddy,ND
38029,1140,Emmons,ND
38031,417,Foster,ND
38033,2544,Golden Valley,ND
38035,418,Grand Forks,ND
38037,1141,Grant,ND
38039,1142,Griggs,ND
38041,1821,Hettinger,ND
38043,1143,Kidder,ND
38045,419,LaMoure,ND
38047,1144,Logan,ND
38049,2545,McHenry,ND
38051,2569,McIntosh,ND
38053,1145,McKenzie,ND
38055,1822,McLean,ND
38057,2570,Mercer,ND
38059,1146,Morton,ND
38061,420,Mountrail,ND
38063,1147,Nelson,ND
38065,1176,Oliver,ND
38067,1177,Pembina,ND
38069,1823,Pierce,ND
38071,1178,Ramsey,ND
38073,421,Ransom,ND
38075,1179,Renville,ND
38077,2656,Richland,ND
38079,422,Rolette,ND
38081,1180,Sargent,ND
38083,3021,Sheridan,ND
38085,2657,Sioux,ND
38087,1824,Slope,ND
38089,1181,Stark,ND
38091,423,Steele,ND
38093,1182,Stutsman,ND
38095,1825,Towner,ND
38097,1183,Traill,ND
38099,2658,Walsh,ND
38101,1184,Ward,ND
38103,424,Wells,ND
38105,2659,Williams,ND
39001,1185,Adams,OH
39003,425,Allen,OH
39005,1186,Ashland,OH
39007,2687,Ashtabula,OH
39009,1826,Athens,OH
39011,1187,Auglaize,OH
39013,1188,Belmont,OH
39015,426,Brown,OH
39017,1189,Butler,OH
39019,1190,Carroll,OH
39021,1827,Champaign,OH
39023,1227,Clark,OH
39025,1228,Clermont,OH
39027,427,Clinton,OH
39029,1229,Columbiana,OH
39031,1870,Coshocton,OH
39033,1230,Crawford,OH
39035,2746,Cuyahoga,OH
39037,1231,Darke,OH
39039,428,Defiance,OH
39041,1232,Delaware,OH
39043,1233,Erie,OH
39045,1871,Fairfield,OH
39047,429,Fayette,OH
39049,1234,Franklin,OH
39051,2747,Fulton,OH
39053,2748,Gallia,OH
39055,393,Geauga,OH
39057,3002,Greene,OH
39059,2316,Guernsey,OH
39061,1516,Hamilton,OH
39063,394,Hancock,OH
39065,395,Hardin,OH
39067,2803,Harrison,OH
39069,2317,Henry,OH
39071,1517,Highland,OH
39073,2804,Hocking,OH
39075,396,Holmes,OH
39077,1518,Huron,OH
39079,2805,Jackson,OH
39081,1519,Jefferson,OH
39083,2318,Knox,OH
39085,2641,Lake,OH
39087,1520,Lawrence,OH
39089,397,Licking,OH
39091,2319,Logan,OH
39093,1521,Lorain,OH
39095,2642,Lucas,OH
39097,398,Madison,OH
39099,1522,Mahoning,OH
39101,1523,Marion,OH
39103,2320,Medina,OH
39105,1046,Meigs,OH
39107,1047,Mercer,OH
39109,399,Miami,OH
39111,2649,Monroe,OH
39113,2650,Montgomery,OH
39115,2321,Morgan,OH
39117,1048,Morrow,OH
39119,1049,Muskingum,OH
39121,400,Noble,OH
39123,2651,Ottawa,OH
39125,1050,Paulding,OH
39127,2322,Perry,OH
39129,1051,Pickaway,OH
39131,401,Pike,OH
39133,1052,Portage,OH
39135,1053,Preble,OH
39137,2323,Putnam,OH
39139,1054,Richland,OH
39141,1055,Ross,OH
39143,402,Sandusky,OH
39145,2652,Scioto,OH
39147,403,Seneca,OH
39149,1056,Shelby,OH
39151,1057,Stark,OH
39153,2324,Summit,OH
39155,2653,Trumbull,OH
39157,1058,Tuscarawas,OH
39159,404,Union,OH
39161,1059,Van Wert,OH
39163,2676,Vinton,OH
39165,2325,Warren,OH
39167,1091,Washington,OH
39169,405,Wayne,OH
39171,1092,Williams,OH
39173,406,Wood,OH
39175,1093,Wyandot,OH
40001,2768,Adair,OK
40003,1094,Alfalfa,OK
40005,2326,Atoka,OK
40007,2769,Beaver,OK
40009,407,Beckham,OK
40011,1095,Blaine,OK
40013,1096,Bryan,OK
40015,2327,Caddo,OK
40017,1097,Canadian,OK
40019,408,Carter,OK
40021,2770,Cherokee,OK
40023,2771,Choctaw,OK
40025,1098,Cimarron,OK
40027,2328,Cleveland,OK
40029,1099,Coal,OK
40031,409,Comanche,OK
40033,2772,Cotton,OK
40035,1100,Craig,OK
40037,1814,Creek,OK
40039,1101,Custer,OK
40041,2773,Delaware,OK
40043,410,Dewey,OK
40045,1102,Ellis,OK
40047,1815,Garfield,OK
40049,1103,Garvin,OK
40051,2774,Grady,OK
40053,411,Grant,OK
40055,1104,Greer,OK
40057,2067,Harmon,OK
40059,497,Harper,OK
40061,2068,Haskell,OK
40063,498,Hughes,OK
40065,1150,Jackson,OK
40067,2571,Jefferson,OK
40069,2069,Johnston,OK
40071,1151,Kay,OK
40073,499,Kingfisher,OK
40075,2070,Kiowa,OK
40077,2572,Latimer,OK
40079,2573,Le Flore,OK
40081,500,Lincoln,OK
40083,1152,Logan,OK
40085,1153,Love,OK
40087,501,McClain,OK
40089,2574,McCurtain,OK
40091,1154,McIntosh,OK
40093,2071,Major,OK
40095,2575,Marshall,OK
40097,502,Mayes,OK
40099,1155,Murray,OK
40101,1156,Muskogee,OK
40103,2072,Noble,OK
40105,2576,Nowata,OK
40107,1157,Okfuskee,OK
40109,503,Oklahoma,OK
40111,1158,Okmulgee,OK
40113,2577,Osage,OK
40115,2073,Ottawa,OK
40117,1159,Pawnee,OK
40119,1160,Payne,OK
40121,2603,Pittsburg,OK
40123,504,Pontotoc,OK
40125,1161,Pottawatomie,OK
40127,505,Pushmataha,OK
40129,2604,Roger Mills,OK
40131,1291,Rogers,OK
40133,2074,Seminole,OK
40135,1292,Sequoyah,OK
40137,1293,Stephens,OK
40139,2582,Texas,OK
40141,2075,Tillman,OK
40143,1294,Tulsa,OK
40145,1295,Wagoner,OK
40147,506,Washington,OK
40149,1296,Washita,OK
40151,2583,Woods,OK
40153,507,Woodward,OK
41001,2584,Baker,OR
41003,1297,Benton,OR
41005,1298,Clackamas,OR
41007,2585,Clatsop,OR
41009,2076,Columbia,OR
41011,1299,Coos,OR
41013,1300,Crook,OR
41015,2608,Curry,OR
41017,508,Deschutes,OR
41019,3025,Douglas,OR
41021,1301,Gilliam,OR
41023,2108,Grant,OR
41025,2609,Harney,OR
41027,1302,Hood River,OR
41029,1437,Jackson,OR
41031,509,Jefferson,OR
41033,1438,Josephine,OR
41035,2563,Klamath,OR
41037,510,Lake,OR
41039,1439,Lane,OR
41041,2586,Lincoln,OR
41043,1440,Linn,OR
41045,2666,Malheur,OR
41047,2109,Marion,OR
41049,1441,Morrow,OR
41051,1442,Multnomah,OR
41053,511,Polk,OR
41055,2667,Sherman,OR
41057,2668,Tillamook,OR
41059,1443,Umatilla,OR
41061,2110,Union,OR
41063,2669,Wallowa,OR
41065,1444,Wasco,OR
41067,2670,Washington,OR
41069,512,Wheeler,OR
41071,1445,Yamhill,OR
42001,3040,Adams,PA
42003,1191,Allegheny,PA
42005,513,Armstrong,PA
42007,1192,Beaver,PA
42009,2111,Bedford,PA
42011,1920,Berks,PA
42013,446,Blair,PA
42015,447,Bradford,PA
42017,1381,Bucks,PA
42019,1921,Butler,PA
42021,448,Cambria,PA
42023,1382,Cameron,PA
42025,1922,Carbon,PA
42027,1425,Centre,PA
42029,1426,Chester,PA
42031,449,Clarion,PA
42033,1427,Clearfield,PA
42035,2532,Clinton,PA
42037,1923,Columbia,PA
42039,1428,Crawford,PA
42041,2533,Cumberland,PA
42043,2557,Dauphin,PA
42045,1429,Delaware,PA
42047,450,Elk,PA
42049,1430,Erie,PA
42051,1431,Fayette,PA
42053,1924,Forest,PA
42055,1432,Franklin,PA
42057,1925,Fulton,PA
42059,2558,Greene,PA
42061,1433,Huntingdon,PA
42063,451,Indiana,PA
42065,2559,Jefferson,PA
42067,1434,Juniata,PA
42069,452,Lackawanna,PA
42071,2560,Lancaster,PA
42073,1435,Lawrence,PA
42075,1926,Lebanon,PA
42077,2561,Lehigh,PA
42079,1436,Luzerne,PA
42081,1927,Lycoming,PA
42083,2562,McKean,PA
42085,1473,Mercer,PA
42087,453,Mifflin,PA
42089,1474,Monroe,PA
42091,2853,Montgomery,PA
42093,454,Montour,PA
42095,1475,Northampton,PA
42097,2854,Northumberland,PA
42099,1928,Perry,PA
42101,1476,Philadelphia,PA
42103,2855,Pike,PA
42105,455,Potter,PA
42107,2613,Schuylkill,PA
42109,1477,Snyder,PA
42111,1478,Somerset,PA
42113,456,Sullivan,PA
42115,1479,Susquehanna,PA
42117,1929,Tioga,PA
42119,1480,Union,PA
42121,1481,Venango,PA
42123,457,Warren,PA
42125,1482,Washington,PA
42127,2614,Wayne,PA
42129,2615,Westmoreland,PA
42131,1930,Wyoming,PA
42133,1483,York,PA
44001,1524,Bristol,RI
44003,1525,Kent,RI
44005,1526,Newport,RI
44007,1963,Providence,RI
44009,2643,Washington,RI
45001,1527,Abbeville,SC
45003,1528,Aiken,SC
45005,458,Allendale,SC
45007,1529,Anderson,SC
45009,459,Bamberg,SC
45011,2644,Barnwell,SC
45013,2645,Beaufort,SC
45015,3035,Berkeley,SC
45017,1530,Calhoun,SC
45019,2725,Charleston,SC
45021,1964,Cherokee,SC
45023,1531,Chester,SC
45025,1532,Chesterfield,SC
45027,460,Clarendon,SC
45029,2565,Colleton,SC
45031,1013,Darlington,SC
45033,1965,Dillon,SC
45035,1014,Dorchester,SC
45037,1015,Edgefield,SC
45039,461,Fairfield,SC
45041,2566,Florence,SC
45043,2567,Georgetown,SC
45045,1966,Greenville,SC
45047,2014,Greenwood,SC
45049,479,Hampton,SC
45051,2015,Horry,SC
45053,480,Jasper,SC
45055,1248,Kershaw,SC
45057,2786,Lancaster,SC
45059,2016,Laurens,SC
45061,1249,Lee,SC
45063,2811,Lexington,SC
45065,1250,McCormick,SC
45067,2812,Marion,SC
45069,2017,Marlboro,SC
45071,1251,Newberry,SC
45073,1252,Oconee,SC
45075,481,Orangeburg,SC
45077,2813,Pickens,SC
45079,1383,Richland,SC
45081,482,Saluda,SC
45083,1384,Spartanburg,SC
45085,1385,Sumter,SC
45087,2018,Union,SC
45089,1386,Williamsburg,SC
45091,2793,York,SC
46003,483,Aurora,SD
46005,1387,Beadle,SD
46007,484,Bennett,SD
46009,2794,Bon Homme,SD
46011,1388,Brookings,SD
46013,2795,Brown,SD
46015,2019,Brule,SD
46017,485,Buffalo,SD
46019,1389,Butte,SD
46021,2796,Campbell,SD
46023,1390,Charles Mix,SD
46025,2020,Clark,SD
46027,2815,Clay,SD
46029,486,Codington,SD
46031,2816,Corson,SD
46033,1391,Custer,SD
46035,487,Davison,SD
46037,2021,Day,SD
46039,1392,Deuel,SD
46041,1393,Dewey,SD
46043,488,Douglas,SD
46045,1394,Edmunds,SD
46047,2817,Fall River,SD
46049,2022,Faulk,SD
46051,1395,Grant,SD
46053,2818,Gregory,SD
46055,489,Haakon,SD
46057,2023,Hamlin,SD
46059,1396,Hand,SD
46061,490,Hanson,SD
46063,1533,Harding,SD
46065,1534,Hughes,SD
46067,2024,Hutchinson,SD
46069,1535,Hyde,SD
46071,2726,Jackson,SD
46073,3005,Jerauld,SD
46075,1536,Jones,SD
46077,2025,Kingsbury,SD
46079,1537,Lake,SD
46081,2727,Lawrence,SD
46083,2728,Lincoln,SD
46085,1538,Lyman,SD
46087,491,McCook,SD
46089,2729,McPherson,SD
46091,2063,Marshall,SD
46093,1539,Meade,SD
46095,492,Mellette,SD
46097,1540,Miner,SD
46099,2730,Minnehaha,SD
46101,1541,Moody,SD
46103,493,Pennington,SD
46105,2731,Perkins,SD
46107,2064,Potter,SD
46109,2732,Roberts,SD
46111,494,Sanborn,SD
46113,1542,Shannon,SD
46115,1543,Spink,SD
46117,1544,Stanley,SD
46119,2065,Sully,SD
46121,1545,Todd,SD
46123,2823,Tripp,SD
46125,495,Turner,SD
46127,1546,Union,SD
46129,2066,Walworth,SD
46135,2824,Yankton,SD
46137,496,Ziebach,SD
47001,1148,Anderson,TN
47003,1149,Bedford,TN
47005,462,Benton,TN
47007,463,Bledsoe,TN
47009,1967,Blount,TN
47011,1016,Bradley,TN
47013,464,Campbell,TN
47015,3019,Cannon,TN
47017,1017,Carroll,TN
47019,1968,Carter,TN
47021,1018,Cheatham,TN
47023,2568,Chester,TN
47025,1019,Claiborne,TN
47027,465,Clay,TN
47029,2619,Cocke,TN
47031,466,Coffee,TN
47033,1020,Crockett,TN
47035,1021,Cumberland,TN
47037,1969,Davidson,TN
47039,2596,Decatur,TN
47041,1022,DeKalb,TN
47043,2597,Dickson,TN
47045,467,Dyer,TN
47047,1023,Fayette,TN
47049,1024,Fentress,TN
47051,1970,Franklin,TN
47053,2598,Gibson,TN
47055,2599,Giles,TN
47057,468,Grainger,TN
47059,1025,Greene,TN
47061,1026,Grundy,TN
47063,1971,Hamblen,TN
47065,1060,Hamilton,TN
47067,1061,Hancock,TN
47069,469,Hardeman,TN
47071,1062,Hardin,TN
47073,2677,Hawkins,TN
47075,1972,Haywood,TN
47077,1063,Henderson,TN
47079,2678,Henry,TN
47081,470,Hickman,TN
47083,1064,Houston,TN
47085,1973,Humphreys,TN
47087,1065,Jackson,TN
47089,2679,Jefferson,TN
47091,2680,Johnson,TN
47093,471,Knox,TN
47095,1066,Lake,TN
47097,2681,Lauderdale,TN
47099,1974,Lawrence,TN
47101,1067,Lewis,TN
47103,2682,Lincoln,TN
47105,472,Loudon,TN
47107,1068,McMinn,TN
47109,1069,McNairy,TN
47111,1070,Macon,TN
47113,1975,Madison,TN
47115,2683,Marion,TN
47117,473,Marshall,TN
47119,1071,Maury,TN
47121,2684,Meigs,TN
47123,2685,Monroe,TN
47125,1072,Montgomery,TN
47127,1976,Moore,TN
47129,474,Morgan,TN
47131,2686,Obion,TN
47133,2010,Overton,TN
47135,1073,Perry,TN
47137,1074,Pickett,TN
47139,475,Polk,TN
47141,1106,Putnam,TN
47143,1240,Rhea,TN
47145,2011,Roane,TN
47147,1241,Robertson,TN
47149,1242,Rutherford,TN
47151,476,Scott,TN
47153,2781,Sequatchie,TN
47155,1243,Sevier,TN
47157,2782,Shelby,TN
47159,2012,Smith,TN
47161,1244,Stewart,TN
47163,2783,Sullivan,TN
47165,2013,Sumner,TN
47167,1245,Tipton,TN
47169,3004,Trousdale,TN
47171,2784,Unicoi,TN
47173,477,Union,TN
47175,1246,Van Buren,TN
47177,1247,Warren,TN
47179,478,Washington,TN
47181,2785,Wayne,TN
47183,2166,Weakley,TN
47185,534,White,TN
47187,2167,Williamson,TN
47189,535,Wilson,TN
48001,1488,Anderson,TX
48003,2168,Andrews,TX
48005,2705,Angelina,TX
48007,2706,Aransas,TX
48009,536,Archer,TX
48011,537,Armstrong,TX
48013,1489,Atascosa,TX
48015,1490,Austin,TX
48017,1491,Bailey,TX
48019,2169,Bandera,TX
48021,538,Bastrop,TX
48023,1492,Baylor,TX
48025,1493,Bee,TX
48027,2170,Bell,TX
48029,1494,Bexar,TX
48031,539,Blanco,TX
48033,1495,Borden,TX
48035,1496,Bosque,TX
48037,2707,Bowie,TX
48039,1497,Brazoria,TX
48041,2171,Brazos,TX
48043,2708,Brewster,TX
48045,1107,Briscoe,TX
48047,540,Brooks,TX
48049,1108,Brown,TX
48051,2776,Burleson,TX
48053,541,Burnet,TX
48055,1109,Caldwell,TX
48057,2806,Calhoun,TX
48059,2172,Callahan,TX
48061,1110,Cameron,TX
48063,542,Camp,TX
48065,1111,Carson,TX
48067,1112,Cass,TX
48069,543,Castro,TX
48071,2807,Chambers,TX
48073,1113,Cherokee,TX
48075,2173,Childress,TX
48077,1114,Clay,TX
48079,544,Cochran,TX
48081,1115,Coke,TX
48083,2174,Coleman,TX
48085,1116,Collin,TX
48087,1117,Collingsworth,TX
48089,2175,Colorado,TX
48091,1118,Comal,TX
48093,2808,Comanche,TX
48095,545,Concho,TX
48097,2809,Cooke,TX
48099,546,Coryell,TX
48101,2360,Cottle,TX
48103,547,Crane,TX
48105,2361,Crockett,TX
48107,2214,Crosby,TX
48109,2362,Culberson,TX
48111,2363,Dallam,TX
48113,2364,Dallas,TX
48115,548,Dawson,TX
48117,2953,Deaf Smith,TX
48119,2215,Delta,TX
48121,2365,Denton,TX
48123,549,DeWitt,TX
48125,2366,Dickens,TX
48127,550,Dimmit,TX
48129,2972,Donley,TX
48131,2216,Duval,TX
48133,2367,Eastland,TX
48135,2955,Ector,TX
48137,551,Edwards,TX
48139,2368,Ellis,TX
48141,2956,El Paso,TX
48143,2217,Erath,TX
48145,2369,Falls,TX
48147,2370,Fannin,TX
48149,552,Fayette,TX
48151,2371,Fisher,TX
48153,2218,Floyd,TX
48155,2957,Foard,TX
48157,2372,Fort Bend,TX
48159,553,Franklin,TX
48161,2958,Freestone,TX
48163,2219,Frio,TX
48165,2959,Gaines,TX
48167,2973,Galveston,TX
48169,554,Garza,TX
48171,2220,Gillespie,TX
48173,2221,Glasscock,TX
48175,2222,Goliad,TX
48177,555,Gonzales,TX
48179,556,Gray,TX
48181,2373,Grayson,TX
48183,2223,Gregg,TX
48185,557,Grimes,TX
48187,2224,Guadalupe,TX
48189,2374,Hale,TX
48191,558,Hall,TX
48193,2375,Hamilton,TX
48195,559,Hansford,TX
48197,2407,Hardeman,TX
48199,2408,Hardin,TX
48201,2409,Harris,TX
48203,2410,Harrison,TX
48205,2225,Hartley,TX
48207,3007,Haskell,TX
48209,2226,Hays,TX
48211,2411,Hemphill,TX
48213,2412,Henderson,TX
48215,2413,Hidalgo,TX
48217,560,Hill,TX
48219,2227,Hockley,TX
48221,2974,Hood,TX
48223,2414,Hopkins,TX
48225,2975,Houston,TX
48227,561,Howard,TX
48229,2976,Hudspeth,TX
48231,2228,Hunt,TX
48233,562,Hutchinson,TX
48235,2415,Irion,TX
48237,2416,Jack,TX
48239,2417,Jackson,TX
48241,2229,Jasper,TX
48243,2418,Jeff Davis,TX
48245,2977,Jefferson,TX
48247,563,Jim Hogg,TX
48249,2419,Jim Wells,TX
48251,564,Johnson,TX
48253,2420,Jones,TX
48255,2230,Karnes,TX
48257,2978,Kaufman,TX
48259,2421,Kendall,TX
48261,2954,Kenedy,TX
48263,565,Kent,TX
48265,566,Kerr,TX
48267,1680,Kimble,TX
48269,2231,King,TX
48271,1681,Kinney,TX
48273,2931,Kleberg,TX
48275,567,Knox,TX
48277,1682,Lamar,TX
48279,2232,Lamb,TX
48281,1683,Lampasas,TX
48283,568,La Salle,TX
48285,1684,Lavaca,TX
48287,1685,Lee,TX
48289,2233,Leon,TX
48291,1686,Liberty,TX
48293,1687,Limestone,TX
48295,1688,Lipscomb,TX
48297,569,Live Oak,TX
48299,2274,Llano,TX
48301,1689,Loving,TX
48303,570,Lubbock,TX
48305,1690,Lynn,TX
48307,1691,McCulloch,TX
48309,571,McLennan,TX
48311,2932,McMullen,TX
48313,2275,Madison,TX
48315,2933,Marion,TX
48317,1692,Martin,TX
48319,572,Mason,TX
48321,2934,Matagorda,TX
48323,1693,Maverick,TX
48325,2276,Medina,TX
48327,1694,Menard,TX
48329,573,Midland,TX
48331,1695,Milam,TX
48333,1696,Mills,TX
48335,2277,Mitchell,TX
48337,2935,Montague,TX
48339,574,Montgomery,TX
48341,1734,Moore,TX
48343,2278,Morris,TX
48345,2376,Motley,TX
48347,2377,Nacogdoches,TX
48349,575,Navarro,TX
48351,2378,Newton,TX
48353,576,Nolan,TX
48355,2112,Nueces,TX
48357,514,Ochiltree,TX
48359,515,Oldham,TX
48361,1193,Orange,TX
48363,2113,Palo Pinto,TX
48365,3006,Panola,TX
48367,516,Parker,TX
48369,1194,Parmer,TX
48371,2688,Pecos,TX
48373,2114,Polk,TX
48375,3022,Potter,TX
48377,2689,Presidio,TX
48379,517,Rains,TX
48381,518,Randall,TX
48383,1195,Reagan,TX
48385,1196,Real,TX
48387,1197,Red River,TX
48389,2115,Reeves,TX
48391,2690,Refugio,TX
48393,519,Roberts,TX
48395,1198,Robertson,TX
48397,520,Rockwall,TX
48399,1199,Runnels,TX
48401,2691,Rusk,TX
48403,1200,Sabine,TX
48405,2116,San Augustine,TX
48407,2692,San Jacinto,TX
48409,2693,San Patricio,TX
48411,521,San Saba,TX
48413,2117,Schleicher,TX
48415,1201,Scurry,TX
48417,1202,Shackelford,TX
48419,1203,Shelby,TX
48421,2118,Sherman,TX
48423,1204,Smith,TX
48425,522,Somervell,TX
48427,1205,Starr,TX
48429,523,Stephens,TX
48431,1206,Sterling,TX
48433,524,Stonewall,TX
48435,1335,Sutton,TX
48437,1336,Swisher,TX
48439,2119,Tarrant,TX
48441,1337,Taylor,TX
48443,2695,Terrell,TX
48445,525,Terry,TX
48447,1338,Throckmorton,TX
48449,526,Titus,TX
48451,1339,Tom Green,TX
48453,1340,Travis,TX
48455,2120,Trinity,TX
48457,1341,Tyler,TX
48459,527,Upshur,TX
48461,2696,Upton,TX
48463,528,Uvalde,TX
48465,2697,Val Verde,TX
48467,1342,Van Zandt,TX
48469,1343,Victoria,TX
48471,2121,Walker,TX
48473,2698,Waller,TX
48475,529,Ward,TX
48477,1344,Washington,TX
48479,2699,Webb,TX
48481,2161,Wharton,TX
48483,1345,Wheeler,TX
48485,1346,Wichita,TX
48487,2700,Wilbarger,TX
48489,1347,Willacy,TX
48491,530,Williamson,TX
48493,2162,Wilson,TX
48495,2701,Winkler,TX
48497,531,Wise,TX
48499,1348,Wood,TX
48501,2702,Yoakum,TX
48503,2163,Young,TX
48505,2703,Zapata,TX
48507,532,Zavala,TX
49001,1349,Beaver,UT
49003,2704,Box Elder,UT
49005,2164,Cache,UT
49007,1350,Carbon,UT
49009,1484,Daggett,UT
49011,533,Davis,UT
49013,1485,Duchesne,UT
49015,2616,Emery,UT
49017,2165,Garfield,UT
49019,1486,Grand,UT
49021,2617,Iron,UT
49023,1487,Juab,UT
49025,2618,Kane,UT
49027,1831,Millard,UT
49029,632,Morgan,UT
49031,633,Piute,UT
49033,1832,Rich,UT
49035,634,Salt Lake,UT
49037,1783,San Juan,UT
49039,1750,Sanpete,UT
49041,1833,Sevier,UT
49043,1751,Summit,UT
49045,1752,Tooele,UT
49047,3073,Uintah,UT
49049,1753,Utah,UT
49051,635,Wasatch,UT
49053,3074,Washington,UT
49055,1834,Wayne,UT
49057,1754,Weber,UT
50001,3075,Addison,VT
50003,1755,Bennington,VT
50005,636,Caledonia,VT
50007,1756,Chittenden,VT
50009,3076,Essex,VT
50011,1757,Franklin,VT
50013,1835,Grand Isle,VT
50015,1758,Lamoille,VT
50017,3077,Orange,VT
50019,637,Orleans,VT
50021,1759,Rutland,VT
50023,3078,Washington,VT
50025,1785,Windham,VT
50027,3103,Windsor,VT
51001,3104,Accomack,VA
51003,1836,Albemarle,VA
51005,1761,Alleghany,VA
51007,638,Amelia,VA
51009,1837,Amherst,VA
51011,1762,Appomattox,VA
51013,1763,Arlington,VA
51015,1764,Augusta,VA
51017,639,Bath,VA
51019,1765,Bedford,VA
51021,3105,Bland,VA
51023,1838,Botetourt,VA
51025,1766,Brunswick,VA
51027,3106,Buchanan,VA
51029,640,Buckingham,VA
51031,1767,Campbell,VA
51033,1768,Caroline,VA
51035,1839,Carroll,VA
51036,1769,Charles City,VA
51037,3107,Charlotte,VA
51041,3108,Chesterfield,VA
51043,641,Clarke,VA
51045,1770,Craig,VA
51047,642,Culpeper,VA
51049,1771,Cumberland,VA
51051,1772,Dickenson,VA
51053,1840,Dinwiddie,VA
51057,1797,Essex,VA
51059,2941,Fairfax,VA
51061,1774,Fauquier,VA
51063,643,Floyd,VA
51065,1841,Fluvanna,VA
51067,1775,Franklin,VA
51069,1776,Frederick,VA
51071,2942,Giles,VA
51073,1777,Gloucester,VA
51075,644,Goochland,VA
51077,2943,Grayson,VA
51079,1881,Greene,VA
51081,1778,Greensville,VA
51083,2944,Halifax,VA
51085,1779,Hanover,VA
51087,3011,Henrico,VA
51089,2945,Henry,VA
51091,1780,Highland,VA
51093,2946,Isle of Wight,VA
51095,1781,James City,VA
51097,2026,King and Queen,VA
51099,2947,King George,VA
51101,645,King William,VA
51103,1782,Lancaster,VA
51105,2948,Lee,VA
51107,2960,Loudoun,VA
51109,2027,Louisa,VA
51111,646,Lunenburg,VA
51113,647,Madison,VA
51115,1798,Mathews,VA
51117,2951,Mecklenburg,VA
51119,1784,Middlesex,VA
51121,577,Montgomery,VA
51125,578,Nelson,VA
51127,2279,New Kent,VA
51131,2961,Northampton,VA
51133,2280,Northumberland,VA
51135,2379,Nottoway,VA
51137,2380,Orange,VA
51139,2381,Page,VA
51141,579,Patrick,VA
51143,2382,Pittsylvania,VA
51145,580,Powhatan,VA
51147,2962,Prince Edward,VA
51149,2963,Prince George,VA
51153,2383,Prince William,VA
51155,581,Pulaski,VA
51157,582,Rappahannock,VA
51159,2964,Richmond,VA
51161,2965,Roanoke,VA
51163,2384,Rockbridge,VA
51165,2966,Rockingham,VA
51167,2281,Russell,VA
51169,2385,Scott,VA
51171,2386,Shenandoah,VA
51173,583,Smyth,VA
51175,2967,Southampton,VA
51177,2968,Spotsylvania,VA
51179,2282,Stafford,VA
51181,2387,Surry,VA
51183,2388,Sussex,VA
51185,2422,Tazewell,VA
51187,584,Warren,VA
51191,2423,Washington,VA
51193,2979,Westmoreland,VA
51195,2424,Wise,VA
51197,585,Wythe,VA
51199,2980,York,VA
51510,586,Alexandria,VA
51515,2283,Bedford,VA
51520,2425,Bristol,VA
51530,587,Buena Vista,VA
51540,588,Charlottesville,VA
51550,2426,Chesapeake,VA
51570,2985,Colonial Heights,VA
51580,2427,Covington,VA
51590,2284,Danville,VA
51595,589,Emporia,VA
51600,1708,Fairfax,VA
51610,2428,Falls Church,VA
51620,2285,Franklin,VA
51630,2986,Fredericksburg,VA
51640,2429,Galax,VA
51650,2987,Hampton,VA
51660,590,Harrisonburg,VA
51670,591,Hopewell,VA
51678,2430,Lexington,VA
51680,2286,Lynchburg,VA
51683,2431,Manassas,VA
51685,2432,Manassas Park,VA
51690,3008,Martinsville,VA
51700,2988,Newport News,VA
51710,2433,Norfolk,VA
51720,2287,Norton,VA
51730,2434,Petersburg,VA
51735,2989,Poquoson,VA
51740,2288,Portsmouth,VA
51750,2435,Radford,VA
51760,592,Richmond,VA
51770,2990,Roanoke,VA
51775,593,Salem,VA
51790,2436,Staunton,VA
51800,1697,Suffolk,VA
51810,1698,Virginia Beach,VA
51820,594,Waynesboro,VA
51830,2289,Williamsburg,VA
51840,1699,Winchester,VA
53001,1700,Adams,WA
53003,1701,Asotin,WA
53005,1702,Benton,WA
53007,2952,Chelan,WA
53009,3067,Clallam,WA
53011,2329,Clark,WA
53013,595,Columbia,WA
53015,1703,Cowlitz,WA
53017,1704,Douglas,WA
53019,1705,Ferry,WA
53021,596,Franklin,WA
53023,1706,Garfield,WA
53025,1707,Grant,WA
53027,3068,Grays Harbor,WA
53029,1749,Island,WA
53031,2981,Jefferson,WA
53033,2389,King,WA
53035,2330,Kitsap,WA
53037,1786,Kittitas,WA
53039,1787,Klickitat,WA
53041,614,Lewis,WA
53043,2404,Lincoln,WA
53045,615,Mason,WA
53047,2971,Okanogan,WA
53049,2984,Pacific,WA
53051,2405,Pend Oreille,WA
53053,2406,Pierce,WA
53055,2994,San Juan,WA
53057,3028,Skagit,WA
53059,1788,Skamania,WA
53061,2995,Snohomish,WA
53063,2445,Spokane,WA
53065,616,Stevens,WA
53067,2446,Thurston,WA
53069,2447,Wahkiakum,WA
53071,2996,Walla Walla,WA
53073,2997,Whatcom,WA
53075,1789,Whitman,WA
53077,2448,Yakima,WA
54001,617,Barbour,WV
54003,2449,Berkeley,WV
54005,2450,Boone,WV
54007,618,Braxton,WV
54009,2451,Brooke,WV
54011,2452,Cabell,WV
54013,619,Calhoun,WV
54015,2453,Clay,WV
54017,1790,Doddridge,WV
54019,2454,Fayette,WV
54021,620,Gilmer,WV
54023,1722,Grant,WV
54025,1723,Greenbrier,WV
54027,1724,Hampshire,WV
54029,1791,Hancock,WV
54031,3100,Hardy,WV
54033,1725,Harrison,WV
54035,3101,Jackson,WV
54037,1726,Jefferson,WV
54039,621,Kanawha,WV
54041,3102,Lewis,WV
54043,1792,Lincoln,WV
54045,1727,Logan,WV
54047,2936,McDowell,WV
54049,622,Marion,WV
54051,1728,Marshall,WV
54053,1729,Mason,WV
54055,1793,Mercer,WV
54057,2937,Mineral,WV
54059,1730,Mingo,WV
54061,623,Monongalia,WV
54063,2938,Monroe,WV
54065,1731,Morgan,WV
54067,3010,Nicholas,WV
54069,1732,Ohio,WV
54071,2939,Pendleton,WV
54073,1794,Pleasants,WV
54075,1733,Pocahontas,WV
54077,2940,Preston,WV
54079,624,Putnam,WV
54081,1773,Raleigh,WV
54083,1735,Randolph,WV
54085,1795,Ritchie,WV
54087,1736,Roane,WV
54089,625,Summers,WV
54091,1737,Taylor,WV
54093,1738,Tucker,WV
54095,1796,Tyler,WV
54097,1739,Upshur,WV
54099,1740,Wayne,WV
54101,626,Webster,WV
54103,1741,Wetzel,WV
54105,1742,Wirt,WV
54107,1743,Wood,WV
54109,1828,Wyoming,WV
55001,3027,Adams,WI
55003,627,Ashland,WI
55005,628,Barron,WI
55007,629,Bayfield,WI
55009,3072,Brown,WI
55011,1744,Buffalo,WI
55013,1745,Burnett,WI
55015,1829,Calumet,WI
55017,630,Chippewa,WI
55019,1746,Clark,WI
55021,1747,Columbia,WI
55023,1748,Crawford,WI
55025,631,Dane,WI
55027,1830,Dodge,WI
55029,597,Door,WI
55031,2982,Douglas,WI
55033,598,Dunn,WI
55035,2390,Eau Claire,WI
55037,2391,Florence,WI
55039,599,Fond du Lac,WI
55041,2392,Forest,WI
55043,2393,Grant,WI
55045,600,Green,WI
55047,2394,Green Lake,WI
55049,2395,Iowa,WI
55051,2983,Iron,WI
55053,2331,Jackson,WI
55055,2396,Jefferson,WI
55057,2397,Juneau,WI
55059,2398,Kenosha,WI
55061,2969,Kewaunee,WI
55063,601,La Crosse,WI
55065,2437,Lafayette,WI
55067,2332,Langlade,WI
55069,602,Lincoln,WI
55071,2991,Manitowoc,WI
55073,603,Marathon,WI
55075,2438,Marinette,WI
55077,2439,Marquette,WI
55078,2333,Menominee,WI
55079,2992,Milwaukee,WI
55081,604,Monroe,WI
55083,2440,Oconto,WI
55085,2441,Oneida,WI
55087,2334,Outagamie,WI
55089,2993,Ozaukee,WI
55091,2442,Pepin,WI
55093,2443,Pierce,WI
55095,605,Polk,WI
55097,2444,Portage,WI
55099,2335,Price,WI
55101,1709,Racine,WI
55103,606,Richland,WI
55105,3069,Rock,WI
55107,1710,Rusk,WI
55109,2336,St. Croix,WI
55111,1711,Sauk,WI
55113,1712,Sawyer,WI
55115,607,Shawano,WI
55117,3070,Sheboygan,WI
55119,1713,Taylor,WI
55121,2337,Trempealeau,WI
55123,1714,Vernon,WI
55125,1715,Vilas,WI
55127,3071,Walworth,WI
55129,608,Washburn,WI
55131,3009,Washington,WI
55133,1716,Waukesha,WI
55135,2338,Waupaca,WI
55137,3094,Waushara,WI
55139,1717,Winnebago,WI
55141,609,Wood,WI
56001,3095,Albany,WY
56003,1718,Big Horn,WY
56005,2339,Campbell,WY
56007,3096,Carbon,WY
56009,1719,Converse,WY
56011,3097,Crook,WY
56013,3098,Fremont,WY
56015,2340,Goshen,WY
56017,1720,Hot Springs,WY
56019,1721,Johnson,WY
56021,3099,Laramie,WY
56023,1760,Lincoln,WY
56025,610,Natrona,WY
56027,2399,Niobrara,WY
56029,2400,Park,WY
56031,611,Platte,WY
56033,612,Sheridan,WY
56035,2401,Sublette,WY
56037,2402,Sweetwater,WY
56039,2970,Teton,WY
56041,2341,Uinta,WY
56043,2403,Washakie,WY
56045,613,Weston,WY
